open,high,low,volume,quote_asset_volume,number_of_trades,taker_buy_base_asset_volume,taker_buy_quote_asset_volume,average_price,price_change,target_close
1196.13,1204.67,1190.57,117762.0685,141014996.655708,233151,60055.5007,71918680.428805,1197.62,4.209999999999809,1214.0
1200.33,1224.29,1193.0,252794.14,306657437.527479,330000,123469.9434,149737175.610595,1208.645,13.670000000000073,1214.55
1213.99,1219.89,1204.93,205519.4944,249325343.252245,296709,97873.3515,118760573.010809,1212.41,0.5599999999999454,1256.9
1214.56,1272.6,1212.71,457799.6648,571805761.1580551,526420,236858.3427,295758154.621164,1242.655,42.340000000000146,1251.24
1256.91,1259.95,1242.81,272805.33,341379819.27811,339445,137396.5629,171968288.82744,1251.38,-5.670000000000073,1269.14
1251.25,1276.7,1236.0,342344.2023,429648347.11260307,444840,172277.4922,216252876.922836,1256.35,17.8900000000001,1264.07
1269.13,1271.09,1261.3,129474.2884,163760550.011656,242794,64457.8749,81530432.005823,1266.195,-5.060000000000173,1290.16
1264.06,1296.0,1257.77,213636.7848,271373377.530058,341498,113501.533,144256844.746569,1276.885,26.100000000000136,1320.39
1290.15,1344.91,1285.44,581727.6968,766640085.9303969,667559,290264.2976,382393990.07095695,1315.1750000000002,30.24000000000001,1335.62
1320.4,1347.69,1316.8,459660.2307,611680590.741332,467419,223763.8926,297762851.611724,1332.245,15.2199999999998,1389.39
1335.63,1398.0,1321.04,472465.9556,635118946.429521,534745,235594.2237,316751892.101341,1359.52,53.75999999999999,1415.92
1389.4,1438.0,1361.92,877712.4492,1231660847.868249,873540,438919.3883,616089439.700554,1399.96,26.519999999999982,1451.2
1415.91,1464.0,1401.03,499377.8649,709963291.541629,670535,259443.2548,368821974.14258707,1432.5149999999999,35.289999999999964,1549.9
1451.21,1599.98,1449.14,940691.7774,1444283818.189171,1187799,482842.2219,741178178.5772231,1524.56,98.69000000000005,1552.52
1549.91,1566.66,1516.03,387832.7138,596626752.2978431,590180,192499.6889,296178077.150001,1541.345,2.6099999999999,1576.94
1552.52,1604.5,1521.31,574622.8953,897953752.929984,802443,283353.4366,442958606.02847904,1562.905,24.420000000000073,1565.57
1576.94,1609.0,1541.15,506771.7219,797552620.1873369,703325,253800.4618,399512238.70172095,1575.075,-11.370000000000118,1511.43
1565.56,1610.0,1501.39,752534.8857,1172243167.729863,913587,379449.3465,591240910.364482,1555.6950000000002,-54.12999999999988,1551.09
1511.44,1564.43,1509.15,308679.4645,473220810.93493,477203,157860.3364,242038742.951305,1536.79,39.649999999999864,1658.52
1551.09,1669.9,1542.02,440570.9974,702227917.870663,710633,230258.0214,367212821.33223695,1605.96,107.43000000000006,1626.66
1658.53,1679.26,1616.21,494248.6009,815990095.346851,648695,242585.2946,400675000.350255,1647.7350000000001,-31.86999999999989,1627.44
1626.65,1663.89,1604.0,431729.6909,703883818.6174049,550009,216146.2179,352401960.260315,1633.9450000000002,0.7899999999999636,1626.29
1627.43,1648.09,1585.29,407267.1156,662442276.006642,602844,203026.4669,330314516.706953,1616.69,-1.1400000000001,1555.97
1626.28,1641.46,1535.0,462275.3243,742483248.778448,664260,219529.2586,352794905.892124,1588.23,-70.30999999999995,1611.94
1555.97,1641.0,1518.0,646474.9166,1010958308.523259,832576,336800.3351,527017728.01554894,1579.5,55.97000000000003,1601.09
1611.95,1632.84,1577.43,532777.8466,856294452.549072,661710,255584.4969,410800055.45538,1605.135,-10.860000000000127,1597.62
1601.08,1621.0,1552.54,512093.3875,810894459.592812,721339,271725.69,430230772.25918,1586.77,-3.4600000000000364,1572.1
1597.61,1606.83,1555.99,313675.6574,496009423.632769,461988,159807.553,252625590.628539,1581.4099999999999,-25.50999999999999,1644.72
1572.1,1660.0,1566.33,551767.9134,892135111.0285101,747055,281776.0177,455478541.95457697,1613.165,72.62000000000012,1566.2
1644.73,1647.53,1535.0,595055.3281,945663093.9181169,783703,287321.0407,456477684.329537,1591.2649999999999,-78.52999999999997,1585.33
1566.21,1605.18,1561.63,348856.6751,550862274.1476929,565125,173798.9667,274479554.846062,1583.4050000000002,19.11999999999989,1641.68
1585.32,1647.77,1555.18,474617.1709,757974339.888151,795274,246070.2217,393191559.89692,1601.475,56.36000000000013,1643.12
1641.67,1714.68,1626.85,629188.8874,1052104526.872657,939545,314689.8073,526350550.18805,1670.7649999999999,1.449999999999818,1663.52
1643.12,1676.0,1625.93,464815.032,766949169.4304221,714675,229573.0449,378846983.90134096,1650.9650000000001,20.40000000000009,1666.38
1663.52,1695.29,1645.43,308227.1295,514857995.985798,559308,153457.142,256353550.305223,1670.3600000000001,2.8600000000001273,1629.02
1666.39,1673.81,1609.3,413579.6748,680127291.926744,680427,198540.8776,326481458.836427,1641.5549999999998,-37.37000000000012,1614.29
1629.01,1658.56,1605.01,384119.4197,626831152.687586,636588,191802.7932,313101318.539597,1631.7849999999999,-14.720000000000027,1671.03
1614.28,1678.37,1613.14,451922.4,743635216.728552,746572,234924.0525,386597449.582718,1645.755,56.75,1650.43
1671.03,1697.91,1630.47,417966.2539,695793337.577435,671033,205938.1207,342878805.538366,1664.19,-20.59999999999991,1545.35
1650.42,1656.17,1524.4,658011.6964,1054014372.583392,973879,317244.9366,508466128.352034,1590.285,-105.07000000000016,1513.06
1545.35,1555.01,1490.0,484654.2199,743164643.511499,682215,220852.4958,338760669.128763,1522.505,-32.289999999999964,1538.51
1513.05,1543.0,1505.0,289691.5708,440657107.728338,440506,141579.8991,215368016.233777,1524.0,25.460000000000036,1514.83
1538.5,1548.02,1493.08,286758.374,438014692.308034,490609,134744.9765,205825023.574182,1520.55,-23.670000000000073,1505.24
1514.82,1526.1,1461.93,643152.3904,959644223.335073,788402,306701.2995,457512045.48224705,1494.0149999999999,-9.579999999999927,1555.71
1505.25,1569.0,1482.66,668964.3768,1021642935.313975,861338,329786.2183,503918880.17247295,1525.83,50.460000000000036,1674.92
1555.7,1680.0,1542.55,581207.8586,928452953.9450489,852734,303747.759,485366943.877121,1611.275,119.22000000000003,1637.84
1674.92,1742.97,1633.72,832723.6731,1408096156.866216,1220762,422120.2495,714045600.344282,1688.345,-37.080000000000155,1693.87
1637.83,1722.0,1630.51,579934.663,970891863.058295,940022,298275.5336,499403199.621222,1676.255,56.039999999999964,1691.62
1693.81,1713.13,1679.77,267305.7813,452969773.61025,457982,131392.3667,222669375.870258,1696.45,-2.1900000000000546,1679.75
1691.62,1726.59,1666.14,401023.0477,680092027.331298,634114,198379.91,336553647.754587,1696.365,-11.86999999999989,1703.27
1679.74,1719.89,1650.56,451314.8335,765198951.9635769,752116,233136.761,395372679.440455,1685.225,23.529999999999973,1659.76
1703.27,1716.66,1636.3,520354.4688,874136698.2845911,837901,261067.8341,438651496.248602,1676.48,-43.50999999999999,1643.14
1659.77,1666.95,1595.07,528875.4809,861982489.016571,887617,261477.2949,426091167.735719,1631.01,-16.62999999999988,1650.53
1643.15,1679.0,1628.75,501305.9717,829754759.565515,849095,250058.0952,413918144.47803295,1653.875,7.379999999999882,1607.8
1650.52,1664.66,1575.64,512515.4982,831164574.11824,829249,244939.4562,397377091.02658,1620.15,-42.72000000000003,1594.58
1607.8,1608.98,1557.33,290188.0391,462128193.10439295,532834,144096.2347,229488719.31488,1583.155,-13.220000000000027,1641.36
1594.58,1651.26,1587.76,308607.9941,499002379.52012897,544008,153077.9388,247588746.299513,1619.51,46.77999999999997,1633.45
1641.37,1665.22,1608.0,431861.4129,707841123.057607,679771,215202.8928,352736478.154143,1636.6100000000001,-7.919999999999845,1605.23
1633.45,1647.52,1596.66,393523.1647,640150766.3112049,626287,192261.4758,312879269.16716,1622.0900000000001,-28.220000000000027,1665.22
1605.24,1669.72,1595.0,474456.8235,780632253.606366,725546,233810.6993,384611475.602082,1632.3600000000001,59.98000000000002,1647.86
1665.23,1677.86,1619.18,423023.8082,694364877.504408,644400,209908.348,344522660.652602,1648.52,-17.37000000000012,1569.45
1647.86,1649.25,1544.39,742816.5976,1166573996.744236,1008133,356042.8657,558918754.5663351,1596.8200000000002,-78.40999999999985,1566.73
1569.45,1577.53,1549.12,237640.2606,371865636.794456,442158,114523.6396,179242456.92659,1563.3249999999998,-2.7200000000000273,1564.58
1566.74,1588.77,1553.05,299240.7415,469729098.462738,505034,146252.8571,229586295.581382,1570.9099999999999,-2.160000000000082,1565.84
1564.57,1583.49,1554.44,307709.3011,482146763.966397,495130,151429.2666,237315661.183636,1568.9650000000001,1.2699999999999818,1561.96
1565.84,1584.49,1536.14,437947.9032,682865640.744412,601157,222838.1714,347497907.936122,1560.315,-3.8799999999998818,1532.38
1561.95,1570.89,1523.61,460101.7658,714552395.9932791,647197,227125.8414,352776402.72266,1547.25,-29.569999999999936,1437.32
1532.38,1546.45,1408.0,718485.1364,1072396877.907578,914935,340420.8159,508749569.094812,1477.225,-95.06000000000017,1426.44
1437.32,1439.43,1368.39,960262.4509,1353741388.827259,1155209,462418.6232,651918990.291944,1403.91,-10.879999999999882,1471.97
1426.43,1478.07,1408.4,1374859.6201,1987926852.348374,1467256,674055.1504,975054688.5093609,1443.2350000000001,45.539999999999964,1580.33
1471.93,1594.19,1448.3,1002355.0929,1506839740.469654,1253899,507616.3281,763938923.683043,1521.245,108.39999999999986,1673.45
1580.33,1693.49,1565.0,1228063.6053,1992277884.7963407,1671283,631386.3058,1024622574.37087,1629.245,93.12000000000012,1699.4
1673.44,1780.02,1655.24,1283321.2355,2195733827.910122,1750035,666065.6812,1139199433.36359,1717.63,25.960000000000036,1649.96
1699.41,1716.9,1611.0,963142.4833,1602460705.895695,1388384,463785.2099,771970600.2694019,1663.95,-49.450000000000045,1673.73
1649.95,1691.42,1632.18,627985.6119,1040043241.140285,1004406,325261.1993,538689586.4326351,1661.8000000000002,23.779999999999973,1789.27
1673.73,1800.0,1662.65,907528.2825,1569265196.452905,1293055,476255.4948,824016896.5697341,1731.325,115.53999999999996,1758.84
1789.26,1841.0,1747.47,711614.731,1280189359.424549,1115890,353131.9671,635373026.202565,1794.2350000000001,-30.420000000000073,1780.68
1758.84,1841.36,1757.92,541131.8908,972006261.580209,919093,275030.1756,494016367.25881904,1799.6399999999999,21.840000000000146,1732.78
1780.67,1803.05,1722.0,682848.1248,1205036446.951221,1083767,346231.4658,611012606.1727049,1762.525,-47.8900000000001,1801.23
1732.77,1835.0,1717.01,742348.4999,1324018564.211035,1166036,399394.246,712603682.2600249,1776.005,68.46000000000004,1734.33
1801.23,1819.98,1710.12,891287.6009,1581074700.20938,1286030,432312.7267,767322678.0655991,1765.05,-66.90000000000009,1813.79
1734.34,1857.16,1729.35,732061.103,1312199315.577505,1074713,388644.191,697106769.812962,1793.255,79.45000000000005,1749.57
1813.78,1818.99,1726.4,564770.1417,1001546184.532135,855600,283157.3494,502222091.71024704,1772.6950000000002,-64.21000000000004,1741.88
1749.57,1763.23,1713.09,355679.3743,620341997.183512,620651,174749.2834,304837439.681757,1738.1599999999999,-7.689999999999827,1773.88
1741.88,1801.0,1739.31,354933.2372,627660488.27267,592618,178518.2669,315691892.319254,1770.155,32.0,1715.22
1773.88,1780.48,1686.13,570563.5023,987197970.21984,810253,274628.4302,475175903.710224,1733.305,-58.66000000000008,1772.99
1715.21,1795.73,1701.13,536511.3973,935507384.1496781,766887,286377.2164,499476096.824357,1748.43,57.77999999999997,1793.07
1773.0,1827.99,1772.48,536865.5972,967342311.0822339,810500,283946.5459,511607922.31168306,1800.2350000000001,20.069999999999936,1793.61
1793.06,1829.69,1763.0,579690.0394,1039397383.7804,876484,299825.6561,537640857.627622,1796.345,0.5499999999999545,1821.52
1793.6,1847.28,1777.91,554525.4762,1006896937.025254,902956,289189.755,525237162.94212705,1812.595,27.920000000000073,1820.79
1821.52,1842.83,1807.81,272904.9674,497460628.07619107,579259,138942.8139,253278130.995171,1825.32,-0.7300000000000182,1794.51
1820.8,1824.81,1771.7,322122.9385,580909276.164171,637705,162593.2236,293256522.063042,1798.255,-26.289999999999964,1810.51
1794.51,1839.99,1762.77,628503.6619,1131436800.437073,1098681,318256.9181,573104096.04297,1801.38,16.0,1870.37
1810.51,1891.91,1802.01,622208.6411,1151551698.653268,1087425,324318.0474,599946499.3590231,1846.96,59.8599999999999,1908.69
1870.38,1942.98,1864.58,548595.5155,1045846831.791563,1077031,281338.725,536320635.934765,1903.78,38.309999999999945,1872.41
1908.68,1909.91,1853.7,396241.4352,743618300.024,916688,190334.8978,357167485.352436,1881.805,-36.26999999999998,1863.72
1872.41,1882.61,1841.46,284256.4873,528718750.378566,829061,143802.1285,267474497.282928,1862.0349999999999,-8.690000000000055,1848.82
1863.73,1879.38,1847.0,197905.5407,368792680.929658,902787,97213.2882,181198387.334433,1863.19,-14.910000000000082,1858.92
1848.82,1873.99,1824.01,287131.3079,529878494.840373,953458,146393.8295,270125898.843105,1849.0,10.100000000000136,1910.2
1858.91,1918.79,1846.4,434739.7984,816212712.862947,586284,218877.8586,410947350.79718,1882.595,51.289999999999964,1889.86
1910.21,1937.37,1881.11,405203.4892,774389695.845932,590527,209441.7172,400266668.51136094,1909.2399999999998,-20.350000000000136,1917.39
1889.86,1933.0,1852.65,630844.4186,1195663632.078732,801456,318566.1128,603818547.582894,1892.825,27.5300000000002,2012.01
1917.4,2023.0,1899.55,676164.5188,1333377092.124591,911569,358627.7444,706952043.883102,1961.275,94.6099999999999,2099.99
2012.0,2128.76,2009.22,896307.3934,1877719501.123732,1182309,463960.1556,971826170.9948311,2068.9900000000002,87.98999999999978,2090.6
2099.99,2111.85,2071.13,321823.7851,674260851.49151,505299,159120.98,333402759.039286,2091.49,-9.389999999999873,2118.67
2090.61,2141.54,2072.72,319880.4393,673034613.415835,529231,162518.1328,341954921.313032,2107.13,28.059999999999945,2074.0
2118.66,2120.51,2056.25,426972.7071,889433328.786508,674817,206218.4799,429616895.54751104,2088.38,-44.659999999999854,2103.5
2073.99,2125.0,2051.0,414244.6135,867291463.569828,636801,205943.0188,431182409.022914,2088.0,29.51000000000022,1933.73
2103.51,2104.6,1923.03,775389.0602,1547934187.85902,1116849,381226.9641,760478525.516055,2013.815,-169.7800000000002,1942.98
1933.74,1982.99,1914.43,625336.2495,1218184973.299396,869619,307551.8071,598986977.594464,1948.71,9.240000000000009,1848.78
1942.98,1957.27,1825.0,688876.6186,1306179482.091942,868887,339964.1825,644708261.744395,1891.135,-94.20000000000005,1874.16
1848.77,1887.31,1841.64,331007.5879,616579601.311765,451499,168125.1409,313147831.357009,1864.475,25.3900000000001,1862.0
1874.17,1882.01,1836.37,344514.3444,641362428.689366,463928,180537.4201,336129438.631238,1859.19,-12.170000000000073,1841.84
1862.01,1890.0,1806.0,447864.0517,826968889.241232,682824,216968.9613,400599962.395403,1848.0,-20.170000000000073,1866.1
1841.84,1877.86,1801.66,457870.6047,839226421.3782461,631766,238370.8971,436940670.14806306,1839.76,24.25999999999999,1866.01
1866.1,1964.72,1785.0,897709.7298,1695903568.960903,1182620,445589.9861,842104509.424001,1874.8600000000001,-0.08999999999991815,1908.68
1866.01,1940.96,1861.19,727472.9466,1383094120.67767,959609,378523.2934,719109759.957455,1901.075,42.67000000000007,1890.94
1908.68,1923.88,1873.94,387630.7791,736203306.614156,574483,201390.0556,382298834.01980895,1898.91,-17.74000000000001,1907.8
1890.93,1918.0,1883.05,182046.1406,346028241.295737,335962,90910.2544,172785540.85637,1900.525,16.86999999999989,1870.09
1907.79,1939.0,1866.16,355336.4888,677913240.814662,552933,176787.4337,337334018.002625,1902.58,-37.700000000000045,1830.73
1870.08,1886.49,1806.12,445519.1779,818821593.694849,647788,220514.8113,405281273.929108,1846.3049999999998,-39.34999999999991,1870.08
1830.73,1881.87,1822.94,373753.2027,690907892.110455,563768,184439.1031,340877324.218158,1852.405,39.34999999999991,1905.12
1870.09,1916.52,1842.64,465185.2501,871222153.959792,751579,239749.0806,449104177.864072,1879.58,35.02999999999997,1877.07
1905.12,1918.26,1866.71,354528.6144,670584503.6596191,525802,172127.9509,325526383.589932,1892.4850000000001,-28.049999999999955,1993.3
1877.07,1998.36,1875.65,546608.875,1061183389.068112,803612,281818.2188,546945491.993123,1937.005,116.23000000000002,1896.33
1993.3,2019.0,1860.0,608106.9915,1169939393.312777,868626,309602.2227,595756528.400797,1939.5,-96.97000000000003,1870.4
1896.33,1933.33,1867.59,413268.8357,787566158.198456,625667,198046.1876,377209171.37210494,1900.46,-25.929999999999836,1847.56
1870.41,1883.97,1810.73,625316.6168,1157603209.761854,885693,308193.8507,570302849.746665,1847.35,-22.850000000000136,1846.52
1847.55,1861.88,1830.99,304396.186,561440259.790895,517737,154195.2071,284409845.645079,1846.435,-1.0299999999999727,1840.84
1846.53,1887.47,1790.51,639933.3855,1182254717.032215,802140,315762.3953,583244341.867981,1838.99,-5.690000000000055,1794.3
1840.83,1842.02,1772.68,522096.0725,944525427.0279421,679625,256341.5035,463715175.204272,1807.35,-46.52999999999997,1807.45
1794.31,1818.63,1740.0,565539.8309,1002104362.594411,696930,272766.5815,483569848.957916,1779.315,13.1400000000001,1795.11
1807.45,1817.03,1785.23,212895.4373,383397322.74478096,342566,107960.5618,194416969.777289,1801.13,-12.340000000000146,1799.21
1795.12,1824.0,1789.82,218101.0977,393557662.80186,348092,112091.4998,202267370.369558,1806.9099999999999,4.0900000000001455,1816.2
1799.2,1846.7,1785.05,388171.9261,708011632.174709,503728,200878.5212,366433193.428354,1815.875,17.0,1824.21
1816.21,1832.64,1796.2,311238.6786,565367254.106777,466058,145796.2684,264839999.726318,1814.42,8.0,1822.12
1824.21,1837.5,1783.68,352097.9913,637776970.833855,524718,174614.8238,316362266.891233,1810.5900000000001,-2.0900000000001455,1800.56
1822.12,1831.92,1771.12,293755.311,531357170.827152,480171,142539.4053,257898809.718076,1801.52,-21.559999999999945,1812.32
1800.56,1829.54,1796.81,243116.4676,440291732.350879,390917,125305.6452,226950073.642058,1813.175,11.759999999999991,1819.42
1812.31,1828.87,1807.06,127754.4349,232010582.306628,272744,67168.5635,122004402.445928,1817.965,7.110000000000127,1804.91
1819.42,1828.98,1797.21,161517.8053,292535613.878124,308391,76815.2518,139145313.568439,1813.095,-14.509999999999991,1817.35
1804.91,1828.27,1792.01,237498.9423,430673377.916653,411867,123914.6884,224774189.867085,1810.1399999999999,12.439999999999827,1854.05
1817.36,1872.5,1815.24,396869.6097,734581474.7224659,548587,222549.7769,411731244.578506,1843.87,36.690000000000055,1799.89
1854.06,1854.09,1777.6,420846.1445,761360360.597887,554307,193455.1113,349797434.176159,1815.8449999999998,-54.169999999999845,1805.6
1799.89,1818.81,1761.41,350633.0089,628769352.442571,482899,164410.1627,294794104.354962,1790.1100000000001,5.709999999999809,1827.79
1805.61,1838.2,1796.99,275690.6854,501773973.87993693,375854,140633.1075,255923842.594071,1817.595,22.180000000000064,1829.89
1827.8,1836.12,1812.18,138824.9406,253710138.250563,276383,69580.6479,127156321.87459,1824.15,2.0900000000001455,1908.64
1829.89,1918.65,1823.6,378392.4371,705699886.229488,549727,194805.8607,363152161.536748,1871.125,78.75,1892.6
1908.64,1927.62,1873.65,313593.4942,596236148.9098849,445895,158390.3448,301175186.439594,1900.635,-16.04000000000019,1900.59
1892.6,1917.0,1881.19,272665.8402,519059196.247416,422249,134288.1609,255644547.737627,1899.095,7.990000000000009,1873.63
1900.58,1907.13,1846.95,319255.5681,597360395.544034,451133,149451.087,279624016.04226,1877.04,-26.949999999999818,1861.78
1873.63,1889.2,1840.0,270496.6097,504448237.27338,422899,132786.9324,247622735.209231,1864.6,-11.850000000000136,1906.68
1861.78,1910.0,1847.51,313004.0658,591169483.099447,456788,157874.0403,298230534.993066,1878.755,44.90000000000009,1892.06
1906.69,1907.92,1881.6,148818.2427,282550389.946688,292512,71248.1015,135269927.949346,1894.76,-14.63000000000011,1890.01
1892.05,1914.63,1884.22,172683.0119,328166899.062354,289973,85783.1201,163026354.238026,1899.4250000000002,-2.0399999999999636,1810.5
1890.0,1890.63,1778.0,555361.2683,1017689609.362256,688879,253634.645,464638835.75944895,1834.315,-79.5,1884.64
1810.49,1898.29,1797.18,491407.2174,907660359.425966,616201,254098.0244,469823908.553932,1847.7350000000001,74.15000000000009,1832.13
1884.65,1897.8,1821.18,429196.7064,796856688.8667129,594071,201074.7993,373411267.734446,1859.49,-52.51999999999998,1845.64
1832.12,1861.28,1828.31,189270.4853,349160385.10498,347990,89218.1306,164597259.318507,1844.795,13.52000000000021,1840.37
1845.65,1855.0,1827.0,198324.3252,365037779.742887,354623,92841.2883,170881394.316314,1841.0,-5.2800000000002,1751.53
1840.37,1844.99,1715.03,652324.6695,1148312156.525596,877410,298962.6533,525884490.13860494,1780.01,-88.83999999999992,1752.76
1751.52,1778.25,1738.72,219956.2434,385656545.950238,378921,104970.1039,184058191.293455,1758.4850000000001,1.240000000000009,1742.57
1752.77,1759.33,1720.0,302132.4819,525467514.61960894,467392,154579.0466,268848228.1776,1739.665,-10.200000000000045,1740.12
1742.57,1770.13,1724.22,284268.0018,495907901.668493,498880,147060.3735,256562479.934,1747.1750000000002,-2.4500000000000455,1650.95
1740.12,1750.03,1630.43,415847.327,705586390.233981,572996,198035.006,335772562.742377,1690.23,-89.16999999999985,1666.96
1650.95,1680.91,1626.01,370774.7696,611499814.542176,458568,192425.5156,317419943.086948,1653.46,16.00999999999999,1717.92
1666.96,1729.5,1649.86,311734.5904,525393264.96220094,408176,158600.074,267168521.191646,1689.6799999999998,50.960000000000036,1727.76
1717.91,1770.0,1714.26,210914.9216,366944179.320637,359758,107260.8485,186631806.833697,1742.13,9.849999999999909,1720.95
1727.75,1747.84,1712.0,156535.0128,270948973.417484,273858,79223.6039,137159225.733412,1729.92,-6.7999999999999545,1737.11
1720.95,1752.19,1698.0,245162.7589,422827205.775489,366143,120432.5942,207735564.792355,1725.095,16.159999999999854,1791.99
1737.1,1796.99,1714.72,328855.6846,577529266.789217,459724,168345.9791,295848851.477509,1755.855,54.8900000000001,1889.11
1791.99,1901.0,1787.38,613755.8869,1132377905.488902,699689,301882.535,557089886.052912,1844.19,97.11999999999989,1872.01
1889.1,1933.17,1865.98,416714.5719,791056016.146176,536410,196874.686,373931527.580786,1899.575,-17.089999999999918,1892.63
1872.0,1936.42,1861.01,401147.9324,760352485.336681,531784,196520.6502,372600003.369504,1898.7150000000001,20.63000000000011,1874.96
1892.63,1906.0,1864.77,226910.2941,427721477.76198,356654,108047.8764,203668990.458571,1885.385,-17.670000000000073,1898.8
1874.95,1930.0,1868.83,338757.6158,644415530.040616,482753,170334.2642,323870595.292583,1899.415,23.84999999999991,1858.97
1898.8,1909.1,1837.18,458743.861,859537162.3556141,518009,221834.2749,415653994.57101506,1873.1399999999999,-39.82999999999993,1889.58
1858.97,1912.53,1855.19,366634.5707,690855987.041332,437184,195382.3664,368354695.947731,1883.8600000000001,30.6099999999999,1828.02
1889.58,1890.19,1816.56,337836.5792,626358502.58848,437585,160645.2676,297804857.125455,1853.375,-61.559999999999945,1851.99
1828.03,1880.0,1827.84,241844.8281,448678322.176822,350823,123194.6191,228587452.243649,1853.92,23.960000000000036,1933.79
1851.99,1948.6,1825.01,716538.1035,1353630452.615445,824889,345435.6526,653049175.2450271,1886.8049999999998,81.79999999999995,1924.5
1933.8,1944.56,1909.44,178373.3688,343093755.612736,307019,88294.4703,169850518.153404,1927.0,-9.299999999999955,1937.48
1924.5,1959.2,1885.75,255852.7832,491981842.96013904,381133,127341.9623,244921036.01352,1922.475,12.980000000000018,1955.54
1937.49,1976.16,1933.55,322102.4295,631158998.811416,404084,156608.6405,306826484.736802,1954.855,18.049999999999955,1936.2
1955.55,1967.08,1931.58,205525.0984,401186997.249838,307691,93898.5422,183304067.882058,1949.33,-19.34999999999991,1910.36
1936.19,1942.5,1894.51,267633.4783,512774138.21894896,362985,128057.0596,245340739.075563,1918.505,-25.830000000000155,1846.17
1910.35,1958.0,1846.0,456362.741,868009586.22327,519031,225559.182,429043301.00454307,1902.0,-64.17999999999984,1870.91
1846.17,1878.0,1826.0,232944.3466,432733381.05496705,355260,115143.0873,213926654.205755,1852.0,24.74000000000001,1865.24
1870.92,1876.0,1842.8,125819.8273,234001180.804625,228589,62592.5197,116432999.11736,1859.4,-5.680000000000064,1862.8
1865.24,1879.36,1856.15,135046.3743,252189550.05161,234925,67977.917,126943043.660608,1867.755,-2.4400000000000546,1880.4
1862.81,1905.5,1846.63,247868.1494,464186441.163382,338462,123964.154,232197400.111328,1876.065,17.590000000000146,1878.3
1880.41,1891.99,1862.38,177771.6117,333339876.932696,256360,85214.3301,159785569.139996,1877.185,-2.1100000000001273,1871.82
1878.31,1902.0,1864.37,264406.8673,498567734.55913293,338468,127657.9526,240728674.896198,1883.185,-6.490000000000009,2004.49
1871.82,2012.63,1862.59,548861.4207,1069502144.026194,618276,275375.0189,536826200.189522,1937.6100000000001,132.67000000000007,1937.83
2004.49,2029.11,1898.39,498724.0359,982369872.0199,604687,233071.082,459199490.677216,1963.75,-66.66000000000008,1931.41
1937.82,1946.37,1926.23,135181.7663,261553961.167515,242818,65759.3938,127241697.857544,1936.3,-6.4099999999998545,1922.11
1931.41,1943.55,1914.0,148667.1051,286787440.456901,253770,69691.9153,134478359.190649,1928.775,-9.300000000000182,1911.2
1922.12,1936.18,1873.26,277159.0349,528662412.297658,391391,134997.4387,257602038.119769,1904.72,-10.919999999999845,1897.21
1911.21,1917.19,1875.73,215780.5006,409583830.87633294,315100,104433.4023,198241004.728506,1896.46,-14.0,1888.63
1897.21,1922.04,1882.17,218045.0005,415268112.54340094,266831,108435.7397,206536797.50756,1902.105,-8.579999999999927,1891.59
1888.64,1929.05,1878.0,292907.5164,556981450.4553009,353180,146238.3371,278124518.645565,1903.525,2.949999999999818,1891.73
1891.59,1905.74,1884.64,165554.0428,313414135.895111,260385,80526.6642,152465025.971911,1895.19,0.14000000000010004,1866.52
1891.73,1897.35,1851.18,131901.6487,247820592.768613,240897,63386.2807,119075556.079677,1874.2649999999999,-25.210000000000036,1888.73
1866.52,1905.25,1857.82,153501.0178,288736391.861338,254227,77750.7953,146207958.769452,1881.5349999999999,22.210000000000036,1850.0
1888.74,1890.86,1833.19,276504.5547,512402907.457845,336366,132903.4964,246198594.777422,1862.025,-38.74000000000001,1857.66
1850.0,1868.71,1845.45,152251.21,282696600.921257,248856,74772.6946,138842172.885674,1857.08,7.660000000000082,1872.0
1857.66,1888.0,1848.35,272090.5333,507049348.717311,319851,148093.9082,275939339.567176,1868.175,14.339999999999918,1861.28
1871.99,1886.11,1854.84,163766.4259,306463587.40202,252294,80701.93,151048244.460309,1870.475,-10.710000000000036,1874.19
1861.29,1883.39,1856.52,138695.7147,259228467.502262,219389,70493.2035,131768046.050694,1869.955,12.900000000000091,1880.46
1874.2,1886.58,1869.54,72867.0269,136676328.67955,166385,35883.3501,67306690.351579,1878.06,6.259999999999991,1861.79
1880.45,1885.3,1848.17,158657.5902,296504225.221497,247858,82527.463,154244296.269244,1866.7350000000001,-18.660000000000082,1856.14
1861.79,1877.4,1851.02,168204.4534,313517086.161755,246487,81667.8524,152228050.615145,1864.21,-5.649999999999864,1873.47
1856.13,1875.62,1813.8,358476.0966,659100582.108448,411508,170424.3649,313392733.794412,1844.71,17.339999999999918,1839.9
1873.48,1879.74,1821.21,254213.0553,470466371.262786,331270,122977.5627,227628401.257956,1850.475,-33.57999999999993,1835.81
1839.9,1859.12,1826.0,171148.052,315081750.38648,254918,84099.073,154854420.421639,1842.56,-4.0900000000001455,1830.23
1835.81,1851.31,1815.74,187699.4552,344687096.602038,256002,90965.1443,167095446.038227,1833.525,-5.579999999999927,1836.48
1830.24,1839.0,1827.5,93657.3255,171683574.022643,174254,46888.3941,85951801.632353,1833.25,6.240000000000009,1830.28
1836.48,1838.58,1825.86,90403.9915,165701947.019345,169928,43827.8515,80334895.42593,1832.2199999999998,-6.2000000000000455,1829.1
1830.28,1847.0,1802.0,224092.9059,409166592.89164895,289161,109927.115,200686537.155386,1824.5,-1.1800000000000637,1856.3
1829.1,1876.51,1826.33,236336.03,436891258.634858,322607,121075.1387,223753000.410186,1851.42,27.200000000000045,1855.35
1856.3,1871.99,1846.28,191926.8343,356559464.883318,266834,93172.6895,173114071.770235,1859.135,-0.9500000000000455,1852.47
1855.36,1865.95,1845.38,127321.4553,236043286.656351,208017,62527.3615,115937584.656644,1855.665,-2.8899999999998727,1848.84
1852.47,1857.26,1838.05,113209.3103,209237745.63836,197546,54665.6809,101048972.227958,1847.655,-3.630000000000109,1849.93
1848.84,1854.01,1846.08,63292.6476,117106742.569844,154110,32218.9528,59615440.052437,1850.045,1.0900000000001455,1840.73
1849.94,1862.0,1834.51,120674.1364,222956657.347428,211874,69109.1508,127637208.702245,1848.255,-9.210000000000036,1845.5
1840.73,1856.5,1835.0,150196.1203,277387603.677403,244296,69702.7957,128731746.137513,1845.75,4.769999999999982,1828.98
1845.5,1847.36,1814.0,186081.6989,341622741.956271,264314,85927.3188,157737206.702051,1830.6799999999998,-16.519999999999982,1807.81
1828.98,1831.52,1798.17,205430.7368,373631455.899558,311372,94619.3996,172094672.818027,1814.845,-21.170000000000073,1681.49
1807.81,1809.99,1550.0,812138.2159,1390504308.003381,906515,389817.1811,666353412.643052,1679.995,-126.31999999999994,1661.59
1681.49,1699.4,1641.02,538083.1018,901117750.7173231,597838,256018.6718,428794110.089386,1670.21,-19.90000000000009,1669.67
1661.6,1696.72,1654.31,231919.0485,387407573.3804,312174,116535.7301,194692011.360829,1675.5149999999999,8.070000000000164,1685.24
1669.68,1694.75,1662.03,195623.5263,327342264.94863,275035,94917.0042,158824704.099472,1678.3899999999999,15.559999999999945,1667.55
1685.23,1688.59,1649.4,250835.1518,418860905.06739694,297843,117136.718,195605713.143898,1668.995,-17.680000000000064,1634.99
1667.56,1669.38,1580.0,402012.045,657589420.923018,484314,187447.1847,306584459.756798,1624.69,-32.569999999999936,1679.61
1635.0,1702.11,1629.05,374761.1088,622717740.76397,472134,180299.0885,299569404.886001,1665.58,44.6099999999999,1661.16
1679.61,1683.37,1635.28,231539.7805,383948287.500426,287178,111082.6585,184136212.632219,1659.3249999999998,-18.449999999999818,1653.8
1661.16,1677.22,1635.51,236261.6898,390502520.582296,307211,114825.1861,189795100.574874,1656.365,-7.360000000000127,1647.04
1653.79,1655.59,1644.0,79175.425,130634757.648333,157980,36874.9536,60839314.571021,1649.795,-6.75,1658.33
1647.03,1660.24,1646.32,87789.9196,145109143.683836,163046,45374.4533,75003594.938715,1653.28,11.299999999999955,1653.08
1658.33,1664.34,1621.75,214351.0143,352868062.83225,274580,103654.5089,170648261.334814,1643.045,-5.25,1729.42
1653.08,1745.84,1640.0,494371.0823,842464924.522092,504683,251594.2652,428870082.857159,1692.92,76.34000000000015,1705.23
1729.41,1730.93,1694.34,202841.4402,347291135.28552,308391,97462.2728,166837724.683157,1712.635,-24.180000000000064,1645.76
1705.23,1729.0,1630.0,330518.2668,554219312.094311,396774,158776.9421,266221239.021038,1679.5,-59.47000000000003,1629.12
1645.77,1654.53,1602.33,302406.1686,493457144.938849,368740,152891.8655,249490726.906069,1628.4299999999998,-16.65000000000009,1637.03
1629.13,1645.0,1628.03,102145.9476,166937240.933972,208209,50845.8558,83098703.769183,1636.5149999999999,7.899999999999864,1635.84
1637.02,1647.5,1625.14,116767.2862,190979647.353311,216339,58997.6072,96501876.144268,1636.3200000000002,-1.1800000000000637,1630.51
1635.84,1644.82,1616.32,168010.9056,274049115.417922,275381,79390.4406,129501176.247899,1630.57,-5.329999999999927,1634.45
1630.52,1648.02,1609.69,204365.4907,333010633.963955,299045,92320.4268,150498646.091964,1628.855,3.9300000000000637,1633.15
1634.46,1670.0,1609.2,219541.0193,358419121.474319,331227,106351.4694,173671492.353161,1639.6,-1.3099999999999454,1648.11
1633.15,1660.0,1623.4,228558.2782,374542954.194732,319517,108679.2155,178109929.791434,1641.7,14.959999999999809,1636.44
1648.11,1658.93,1616.21,221570.0458,362938822.785618,312966,109915.1953,180061629.980893,1637.5700000000002,-11.669999999999845,1635.54
1636.43,1637.52,1629.74,58519.6229,95627623.417556,156305,26774.7047,43756923.411164,1633.63,-0.8900000000001,1617.42
1635.53,1635.7,1600.0,207957.8428,336517904.443572,292581,100039.4638,161887440.956075,1617.85,-18.1099999999999,1551.85
1617.42,1619.0,1531.01,417424.8189,657137141.34232,470056,202066.273,318051411.665565,1575.005,-65.57000000000016,1592.97
1551.84,1626.0,1549.67,329739.9685,525392019.744392,444268,163861.7224,260938398.990684,1587.835,41.13000000000011,1607.62
1592.97,1619.3,1581.88,223409.2889,357304191.673901,349327,107880.3712,172522864.733231,1600.5900000000001,14.649999999999864,1626.47
1607.61,1644.29,1607.05,275301.1505,447913522.75155,414952,138634.912,225589264.493063,1625.67,18.860000000000127,1641.29
1626.48,1654.08,1611.42,181340.024,295616593.107865,313776,88087.7606,143641063.631508,1632.75,14.809999999999945,1634.4
1641.3,1653.17,1631.31,99555.4671,163144495.691079,245713,43821.9381,71819073.486561,1642.24,-6.899999999999864,1622.48
1634.4,1635.0,1612.0,120227.4117,195464805.891003,264713,53504.6423,86960701.565434,1623.5,-11.920000000000073,1636.66
1622.48,1669.5,1603.88,279041.6978,458235380.246686,453410,138512.8418,227475377.923703,1636.69,14.180000000000064,1643.12
1636.66,1661.04,1626.32,184282.4258,302910996.591828,350549,87617.8889,144020378.481033,1643.6799999999998,6.459999999999809,1622.26
1643.13,1649.34,1604.51,232844.2347,379255954.951705,382581,110068.5625,179266382.869451,1626.925,-20.87000000000012,1583.94
1622.27,1625.3,1567.77,240627.544,384503484.65584093,368163,113477.5269,181209870.858909,1596.5349999999999,-38.32999999999993,1593.08
1583.94,1602.68,1576.58,124886.091,198987470.055888,267398,59931.0382,95501097.433615,1589.63,9.139999999999873,1593.86
1593.07,1598.24,1587.45,64537.1341,102806906.083431,217950,29897.5066,47624962.929268,1592.845,0.7899999999999636,1580.71
1593.85,1601.12,1570.01,137517.8533,218549215.974009,307377,69567.5288,110560825.810273,1585.565,-13.139999999999873,1588.33
1580.71,1597.5,1563.01,176706.9277,279294486.722661,405042,86242.6755,136326196.382982,1580.255,7.619999999999891,1594.01
1588.34,1599.78,1580.05,125583.0161,199551097.289548,317309,60123.6282,95545795.235097,1589.915,5.670000000000073,1598.64
1594.02,1634.1,1583.5,274404.4328,440883556.960054,478489,130309.7247,209389151.243776,1608.8,4.620000000000118,1652.99
1598.63,1668.21,1598.14,331409.7015,541873730.296698,567825,161317.0219,263716289.477129,1633.1750000000002,54.3599999999999,1667.45
1653.0,1688.0,1648.37,251975.6728,420335662.096628,494615,119324.5578,199086852.668729,1668.185,14.450000000000045,1670.89
1667.45,1694.32,1666.19,136924.9141,229630339.535437,342315,74748.0519,125347764.512873,1680.255,3.4400000000000546,1733.79
1670.89,1751.0,1668.0,225611.5868,383793846.183488,495195,113996.1659,194000592.086688,1709.5,62.899999999999864,1662.4
1733.8,1744.0,1636.79,378575.6898,643680600.0926031,773990,181099.2202,308057405.921358,1690.395,-71.39999999999986,1656.88
1662.41,1670.65,1643.0,198287.1164,328606758.398617,530016,93742.6154,155357300.321747,1656.825,-5.529999999999973,1646.58
1656.88,1657.66,1625.0,222861.7167,365919693.07999,553269,105410.5768,173086611.248066,1641.33,-10.300000000000182,1611.79
1646.58,1655.47,1606.73,237378.7449,386770321.772352,545845,110822.1459,180526551.030471,1631.1,-34.789999999999964,1645.03
1611.79,1662.0,1611.68,220507.9286,360565723.578844,539488,109623.0006,179235720.669668,1636.8400000000001,33.24000000000001,1633.57
1645.03,1647.71,1630.03,101241.5732,165907550.809013,288695,47002.9812,77028514.729545,1638.87,-11.460000000000036,1632.84
1633.56,1641.4,1616.17,149424.6635,243516204.388717,372636,72838.6157,118698298.922767,1628.785,-0.7200000000000273,1580.13
1632.85,1636.0,1546.0,340141.0988,540588837.459589,646240,167250.9839,265609380.018295,1591.0,-52.7199999999998,1567.63
1580.13,1594.9,1550.55,240659.3287,378967575.34008306,613660,122514.9803,192965581.789255,1572.725,-12.5,1566.87
1567.62,1578.43,1544.26,260253.9671,406667649.144022,605321,134785.4864,210618804.5234,1561.345,-0.75,1539.61
1566.86,1568.56,1521.0,237221.4977,366335747.01366705,510960,110863.925,171195520.917838,1544.78,-27.25,1552.16
1539.61,1575.36,1537.76,192205.8736,297929349.186925,520123,92439.2041,143291580.645839,1556.56,12.550000000000182,1554.94
1552.16,1561.72,1544.55,100314.6754,155648012.907844,281561,41626.7567,64617045.026053,1553.135,2.7799999999999727,1557.77
1554.94,1567.62,1547.44,120311.2738,187266232.062386,316951,57789.4724,89957330.734353,1557.53,2.8299999999999272,1599.42
1557.78,1639.43,1555.06,418510.8644,665124956.25364,729569,215767.0856,342929071.445982,1597.245,41.6400000000001,1565.01
1599.41,1600.53,1551.08,234817.0699,370032208.156754,475213,106364.4626,167596650.464214,1575.8049999999998,-34.40000000000009,1563.44
1565.01,1585.42,1555.88,177750.2253,279357949.45458,440577,87939.0343,138219607.962158,1570.65,-1.5699999999999363,1566.57
1563.45,1574.45,1541.61,216217.6675,336684246.044496,469598,101807.2651,158534910.776496,1558.03,3.119999999999891,1603.89
1566.57,1630.4,1561.19,315995.792,506065182.982314,651738,158954.7247,254549257.170936,1595.795,37.320000000000164,1628.94
1603.88,1644.53,1592.36,176419.4092,285546594.56213,463033,89419.9093,144754684.681657,1618.445,25.059999999999945,1663.7
1628.94,1667.8,1621.1,228650.9225,374841495.304391,580843,108635.9861,178084510.666948,1644.4499999999998,34.75999999999999,1765.46
1663.69,1800.0,1657.07,610931.9663,1044121568.099054,1167834,302609.5335,517197485.18685293,1728.5349999999999,101.76999999999998,1784.98
1765.47,1854.38,1756.21,674055.1375,1216867823.899225,1308532,335960.7613,606671583.3391169,1805.295,19.50999999999999,1787.15
1784.98,1817.69,1760.0,354410.8294,634289515.5657791,774777,177656.3027,318020760.740403,1788.845,2.1700000000000728,1803.38
1787.15,1865.54,1762.21,431169.0453,781481904.959697,901019,216166.7856,391693373.21916705,1813.875,16.230000000000018,1779.4
1803.39,1803.91,1744.66,274532.6921,488398895.217537,594592,137263.4682,244249949.518076,1774.285,-23.99000000000001,1776.2
1779.41,1803.23,1770.0,122919.7382,219588597.64105,333711,59590.4543,106460555.459359,1786.615,-3.2100000000000364,1795.14
1776.21,1811.3,1762.66,144110.6508,258015412.931554,371024,68282.9779,122240383.728225,1786.98,18.930000000000064,1809.04
1795.14,1829.84,1777.77,277686.192,501228029.31760496,560359,134895.648,243576319.809321,1803.8049999999998,13.899999999999864,1814.67
1809.03,1819.41,1780.99,258074.5796,464695558.995254,577888,120112.9154,216284275.887916,1800.2,5.6400000000001,1846.99
1814.67,1857.66,1783.19,471921.6184,858744655.311508,862416,234932.8994,427830377.61923105,1820.4250000000002,32.319999999999936,1800.8
1846.99,1875.0,1785.01,368738.2193,674522153.765589,790110,185623.849,339696387.315571,1830.005,-46.190000000000055,1832.71
1800.79,1834.58,1777.11,315000.2678,568244477.517703,713592,148670.1446,268213982.308777,1805.8449999999998,31.920000000000073,1855.54
1832.7,1869.9,1824.03,171538.0364,315560482.702516,463794,90964.8828,167382926.708237,1846.9650000000001,22.839999999999918,1891.71
1855.54,1912.67,1846.11,383106.7628,721508408.943992,780672,194760.1848,366825053.12650496,1879.3899999999999,36.17000000000007,1900.95
1891.71,1914.23,1868.48,328746.2394,622198937.156692,717293,163547.4576,309583391.106961,1891.355,9.240000000000009,1885.27
1900.95,1906.99,1850.32,332419.4406,625566317.427045,760921,157050.0994,295599094.272118,1878.655,-15.680000000000064,1888.12
1885.26,1904.69,1872.51,247881.0997,468144576.741454,514836,125671.6197,237346429.604856,1888.6,2.8599999999999,2121.32
1888.11,2132.0,1882.07,1100330.3237,2200484378.92985,1657379,576184.4116,1151326154.695377,2007.0349999999999,233.21000000000026,2077.72
2121.33,2136.99,2064.61,555573.6495,1167220520.828261,880646,270796.8185,569032269.470129,2100.8,-43.61000000000013,2053.17
2077.72,2089.6,2030.3,370966.0372,763796737.4093751,675522,177075.1787,364652650.682364,2059.95,-24.549999999999727,2044.68
2053.16,2066.5,2012.1,281907.559,577153459.51571,556231,142320.7072,291430126.465684,2039.3,-8.47999999999979,2053.65
2044.69,2118.0,2028.49,529143.5815,1093862454.321374,1025249,261963.7359,541622293.089721,2073.245,8.960000000000036,1979.39
2053.65,2064.96,1936.6,481909.733,972032428.326573,884487,227697.3986,459505858.160156,2000.78,-74.25999999999999,2058.48
1979.4,2062.4,1967.01,421870.8032,847945999.664,731745,214270.8055,430649792.143132,2014.705,79.07999999999993,1961.77
2058.49,2090.4,1939.1,545286.1297,1101174547.308609,991673,258249.2406,521815881.914009,2014.75,-96.7199999999998,1960.82
1961.77,1991.5,1904.0,401100.5069,783561858.011889,788071,190084.3041,371312547.955412,1947.75,-0.9500000000000455,1962.6
1960.82,1971.22,1916.0,279368.2208,543924395.733028,535494,125794.9894,245020429.99701,1943.6100000000001,1.7799999999999727,2011.47
1962.59,2015.75,1942.89,251132.6192,494600634.891146,506631,126144.4417,248644868.457963,1979.3200000000002,48.88000000000011,2021.4
2011.47,2066.4,1990.0,421717.679,854002757.451172,751621,202758.5895,410688842.47982305,2028.2,9.930000000000064,1933.01
2021.41,2034.6,1931.43,490163.9863,974304142.3971741,888864,228457.6645,454169629.260296,1983.0149999999999,-88.40000000000009,2063.21
1933.01,2092.46,1928.41,466120.5109,943776525.65738,796700,230629.9937,466898382.311014,2010.435,130.20000000000005,2062.2
2063.22,2088.94,2040.35,250960.6958,517482313.452256,527877,125214.9169,258240481.047099,2064.645,-1.0199999999999818,2080.84
2062.21,2133.02,2059.37,426932.5402,894370772.518114,672044,209685.717,439269617.03678304,2096.1949999999997,18.63000000000011,2083.09
2080.84,2090.54,2065.3,138847.393,288887833.978004,350920,69009.3343,143596956.953531,2077.92,2.25,2062.33
2083.1,2094.99,2036.42,241262.9136,499314260.83391505,510922,118774.1509,245826217.302756,2065.705,-20.769999999999982,2027.5
2062.34,2071.24,1985.78,326073.2298,660673302.74006,622522,159492.2391,323207766.236463,2028.5099999999998,-34.840000000000146,2048.14
2027.5,2075.0,1995.15,283775.9279,578404413.958468,606358,146633.5652,298858840.662627,2035.075,20.639999999999873,2028.81
2048.14,2075.7,2019.31,254843.7319,521225853.33225,503614,125984.0441,257660016.097295,2047.5049999999999,-19.329999999999927,2051.96
2028.8,2054.75,2020.85,243680.0921,496360388.66638494,458227,123357.9875,251301504.634003,2037.8,23.160000000000082,2087.24
2051.95,2110.87,2045.04,372645.586,778670941.03376,598646,193580.1024,404463202.528674,2077.955,35.289999999999964,2164.74
2087.24,2186.6,2086.25,320979.9768,684434398.684245,618401,177507.9065,378562669.288434,2136.425,77.5,2192.95
2164.75,2217.27,2149.0,257879.1136,560343820.0285089,556948,135206.3079,293879684.386559,2183.135,28.199999999999818,2243.37
2192.96,2274.28,2191.0,565307.7134,1263069834.208612,980117,283090.7467,632410939.65829,2232.6400000000003,50.409999999999854,2293.33
2243.36,2309.72,2188.33,529829.7214,1190597719.193227,1018557,272102.5162,611589710.74711,2249.0249999999996,49.9699999999998,2232.7
2293.33,2312.23,2220.0,408338.9056,925926168.1093421,842212,201586.6438,457181711.84181905,2266.115,-60.63000000000011,2355.73
2232.7,2382.8,2222.0,485190.0609,1115389522.523053,921917,253392.503,582277684.037913,2302.4,123.0300000000002,2358.72
2355.74,2392.0,2336.34,378569.8126,893841920.83732,713431,188434.411,444945340.37882704,2364.17,2.980000000000018,2340.49
2358.71,2403.0,2328.01,287771.0664,679437458.931254,648813,143129.4262,338059268.859952,2365.505,-18.220000000000255,2352.39
2340.48,2377.47,2320.0,200037.2102,469860963.947153,464455,98846.2403,232231421.449705,2348.7349999999997,11.909999999999854,2225.12
2352.39,2355.0,2156.62,640414.9166,1426910964.96622,1153316,310376.7183,691367771.317584,2255.81,-127.26999999999998,2203.46
2225.11,2244.12,2166.0,361588.9087,799015127.4149741,804062,174479.1572,385626460.74170893,2205.06,-21.65000000000009,2260.16
2203.47,2284.02,2144.32,418916.6154,922420273.947253,897019,208136.212,458517097.439537,2214.17,56.690000000000055,2315.32
2260.16,2332.11,2228.2,409508.0931,934716057.650864,918965,199995.2598,456684016.25940704,2280.1549999999997,55.16000000000031,2220.5
2315.32,2317.81,2200.0,333552.6328,754022987.2477219,714102,158002.0979,357145001.645171,2258.9049999999997,-94.82000000000016,2228.96
2220.51,2263.4,2210.0,199285.923,446980227.082835,528692,102517.1494,229991096.387078,2236.7,8.449999999999818,2196.52
2228.96,2248.68,2191.5,225925.7675,501306718.242808,531241,110196.7331,244591673.218002,2220.09,-32.440000000000055,2219.43
2196.53,2224.0,2116.6,364103.1181,789100505.031711,769310,185328.3664,401777681.859636,2170.3,22.899999999999636,2177.91
2219.44,2255.0,2135.55,383551.4049,847060839.7083981,786067,199184.6769,440190473.49901503,2195.275,-41.5300000000002,2202.17
2177.9,2266.0,2156.0,416841.6272,922794580.7034019,867198,217937.7275,482487428.03181,2211.0,24.269999999999982,2239.61
2202.17,2279.31,2182.98,453069.7252,1010354340.135799,848508,231043.8883,515263188.513108,2231.145,37.440000000000055,2324.54
2239.6,2343.15,2230.59,591357.488,1358322906.958078,1124820,304284.728,698670214.9487951,2286.87,84.94000000000005,2308.2
2324.54,2330.65,2265.0,255626.9352,586078143.242079,588229,125338.9003,287364940.980557,2297.825,-16.340000000000146,2264.05
2308.2,2326.19,2245.0,307951.076,705420988.78504,711200,149344.8048,342167364.796424,2285.5950000000003,-44.149999999999636,2271.35
2264.04,2304.8,2253.1,286277.1616,652158658.2583511,613108,142610.6547,324881292.119615,2278.95,7.309999999999945,2230.88
2271.36,2274.99,2178.45,410413.1591,916097827.4984499,701701,204347.7388,456146429.338457,2226.72,-40.48000000000002,2378.35
2230.88,2392.44,2211.88,541537.3574,1250873719.550661,978666,275739.282,637066006.827834,2302.16,147.4699999999998,2344.15
2378.35,2445.8,2335.0,580459.982,1385456486.286191,1241094,286686.8536,684383781.918876,2390.4,-34.19999999999982,2299.2
2344.15,2385.41,2255.34,450201.2069,1049566350.122209,990308,220819.1179,515080529.831584,2320.375,-44.95000000000027,2291.68
2299.2,2322.84,2268.0,210539.1327,483369913.478846,555932,104439.5003,239815289.256531,2295.42,-7.519999999999982,2281.87
2291.68,2321.34,2258.88,222175.8779,510046689.187396,548848,109570.8069,251574412.242063,2290.11,-9.809999999999945,2352.04
2281.87,2352.37,2265.24,216702.6914,500451219.612806,536670,112374.437,259588575.400245,2308.805,70.17000000000007,2355.34
2352.05,2431.3,2341.0,458041.6642,1090922198.049091,1028335,223746.2422,532982278.479752,2386.15,3.2899999999999636,2209.72
2355.35,2385.45,2100.0,798729.4869,1797597895.179904,1351067,401227.7608,903126257.915757,2242.725,-145.6300000000001,2267.11
2209.72,2294.69,2201.91,448844.055,1009072619.206773,780771,234794.6283,527905592.149523,2248.3,57.39000000000033,2268.78
2267.11,2277.21,2206.17,405568.0006,910367621.1816621,758963,213615.4427,479634490.30828,2241.69,1.6700000000000728,2240.78
2268.78,2270.0,2216.4,194067.8656,434867515.95915693,450441,96482.4173,216188633.006756,2243.2,-28.0,2221.42
2240.77,2258.01,2203.46,207138.6927,463525159.25742894,516569,102848.6702,230218378.9544,2230.735,-19.34999999999991,2330.44
2221.42,2358.2,2166.38,539407.5547,1221527410.440822,1069027,279216.731,632217788.55808,2262.29,109.01999999999998,2344.29
2330.43,2371.72,2226.78,551454.9931,1267764132.836077,1196445,273075.8892,627991032.601324,2299.25,13.860000000000127,2584.38
2344.3,2643.1,2339.59,1038388.666,2536320982.388543,2010707,535126.4372,1307342421.540569,2491.3450000000003,240.07999999999993,2618.01
2584.37,2689.39,2566.01,838712.2577,2194916359.191646,1693755,422894.0564,1106947875.844673,2627.7,33.64000000000033,2522.54
2618.01,2717.32,2458.0,887457.7627,2318179618.086912,1860636,438363.572,1145981221.305494,2587.66,-95.47000000000025,2578.19
2522.55,2590.0,2497.5,422061.232,1075466481.72042,898845,218172.4057,556065721.44368,2543.75,55.63999999999987,2472.87
2578.18,2578.69,2470.0,306207.7463,774962904.807117,732294,144164.479,364865278.473857,2524.3450000000003,-105.30999999999995,2511.78
2472.87,2553.82,2470.92,315247.8819,793871974.871601,789378,159083.4366,400685806.641764,2512.37,38.91000000000031,2587.4
2511.79,2614.43,2500.05,381077.6247,972060398.7746,1140088,201471.8152,514039096.291548,2557.24,75.61000000000013,2530.19
2587.41,2592.97,2506.75,366281.3477,933809190.348208,1140624,180607.8146,460417669.702018,2549.8599999999997,-57.2199999999998,2470.81
2530.2,2550.0,2428.56,452090.1074,1129803152.914788,894355,213299.1789,533210494.568168,2489.2799999999997,-59.38999999999987,2492.0
2470.81,2504.2,2415.2,424209.0029,1047352971.89337,855044,206802.9585,510669928.423242,2459.7,21.190000000000055,2472.01
2491.99,2492.0,2454.2,136620.9577,337794603.1476,418938,64429.7262,159284530.839302,2473.1,-19.979999999999563,2457.05
2472.02,2482.18,2452.13,122572.1687,303022758.728082,360446,61174.3555,151252878.978452,2467.1549999999997,-14.9699999999998,2314.2
2457.06,2466.1,2303.59,526337.6492,1252505758.322904,933793,245492.642,584077487.054258,2384.8450000000003,-142.86000000000013,2242.6
2314.19,2352.23,2168.07,700105.3314,1568448812.43809,1204183,342792.2358,768007673.887935,2260.15,-71.59000000000015,2235.02
2242.6,2264.6,2196.12,359851.1496,802477123.108515,801012,175571.1055,391550218.454572,2230.3599999999997,-7.579999999999927,2218.64
2235.02,2242.89,2171.3,330426.6061,731016014.3822889,756164,167421.8149,370422421.764266,2207.0950000000003,-16.38000000000011,2267.68
2218.64,2282.36,2195.84,363566.4255,815753832.163171,823603,182453.1834,409362536.72305906,2239.1000000000004,49.039999999999964,2267.94
2267.67,2282.94,2251.4,145109.3836,329102144.459815,416970,71016.4181,161066722.425447,2267.17,0.2699999999999818,2256.9
2267.94,2308.24,2239.89,209326.9087,476534769.158892,566626,104154.0496,237191132.099136,2274.0649999999996,-11.039999999999964,2317.6
2256.9,2322.34,2233.8,305528.0776,696374288.619473,681798,162757.9493,370938691.791536,2278.07,60.69999999999982,2343.01
2317.61,2391.98,2297.0,372879.5791,871148737.1666579,770660,183075.949,427968852.78869694,2344.49,25.40000000000009,2283.14
2343.0,2351.6,2263.57,397116.1859,920131584.290104,922884,190645.6067,441780164.05471903,2307.585,-59.86000000000013,2304.28
2283.15,2311.72,2240.0,310997.4538,708868445.0467551,779472,158219.2558,360682829.633507,2275.8599999999997,21.13000000000011,2309.06
2304.28,2324.74,2281.94,238230.511,549302201.697642,574621,124140.5547,286293198.37916,2303.34,4.779999999999745,2296.49
2309.07,2329.98,2292.75,133232.845,307866239.186442,397464,67739.1604,156542429.20219,2311.365,-12.580000000000382,2289.79
2296.5,2311.0,2266.0,171232.0444,393039532.452068,506684,86355.8479,198240508.080911,2288.5,-6.710000000000036,2301.83
2289.79,2338.41,2269.11,236610.412,545576620.0025649,730863,119477.2073,275457076.81283,2303.76,12.039999999999964,2372.64
2301.84,2392.4,2299.0,368942.7498,864113645.787681,861796,194747.0503,455966832.433515,2345.7,70.79999999999973,2425.1
2372.63,2444.44,2354.0,342791.7013,820475884.3035209,860357,170845.0334,409066707.644346,2399.2200000000003,52.4699999999998,2419.55
2425.09,2463.15,2411.01,338040.0539,821961943.652096,894102,171666.22,417466887.60629,2437.08,-5.539999999999964,2486.56
2419.56,2525.0,2419.16,492384.385,1222635531.628793,1134276,267424.6382,663906268.872707,2472.08,67.0,2500.24
2486.56,2516.45,2471.57,185099.59,461966177.394756,622723,92100.7468,229916992.533443,2494.01,13.679999999999836,2507.21
2500.24,2539.63,2493.45,219975.1471,553430378.325069,711081,108625.5497,273332221.822829,2516.54,6.970000000000255,2659.99
2507.22,2665.58,2472.0,449501.776,1152087242.126358,1019390,234514.5882,600948748.239497,2568.79,152.76999999999998,2639.99
2659.99,2686.12,2590.0,502447.745,1328138932.929169,1044885,251035.4108,663739320.800162,2638.06,-20.0,2774.81
2639.99,2786.0,2618.4,461670.6944,1258639954.547665,1090412,239546.5698,653095961.204625,2702.2,134.82000000000016,2822.59
2774.8,2867.65,2759.25,481689.1874,1353587492.514775,1347619,243023.6342,682988254.220004,2813.45,47.789999999999964,2801.8
2822.58,2857.4,2740.0,378070.8037,1062271564.48786,1123447,185179.0505,520346616.720798,2798.7,-20.779999999999745,2785.93
2801.81,2804.21,2719.01,243302.8759,673711593.2517129,969157,119901.8284,332078826.686927,2761.61,-15.88000000000011,2881.2
2785.92,2895.0,2764.25,367987.8833,1037802342.593287,1311570,195921.8991,552680229.202235,2829.625,95.27999999999975,2944.8
2881.2,2984.52,2856.93,446451.0401,1302430726.129661,1539410,227406.12,663377285.5822049,2920.725,63.600000000000364,3014.81
2944.8,3033.09,2874.56,634681.7471,1868745481.647549,1517960,326652.0062,962250454.924167,2953.825,70.00999999999976,2967.9
3014.81,3017.15,2868.0,595955.0033,1746960179.79394,1256455,304412.8595,892448097.6869059,2942.575,-46.909999999999854,2971.4
2967.91,3036.02,2906.51,563525.9936,1676206889.451405,1205856,287462.4082,855123373.243196,2971.2650000000003,3.4900000000002365,2922.24
2971.4,2993.8,2906.05,428826.5787,1261137725.511952,1003464,213798.4907,628768240.52667,2949.925,-49.16000000000031,2992.62
2922.25,3007.48,2906.4,243854.0783,721993808.566193,718718,129344.7613,382999668.629128,2956.94,70.36999999999989,3112.59
2992.62,3122.0,2983.61,412306.2237,1257766106.546299,1085332,214481.5073,654277370.550548,3052.8050000000003,119.97000000000025,3175.94
3112.6,3196.0,3036.59,546722.7747,1703165045.241492,1391934,261235.6085,814240988.8478969,3116.295,63.340000000000146,3242.36
3175.95,3288.14,3160.02,625939.1221,2025805516.974933,1676466,313778.3423,1015674724.025601,3224.08,66.41000000000031,3383.1
3242.35,3488.0,3176.16,947538.766,3153201034.914763,2442603,475465.5259,1583075300.157671,3332.08,140.75,3340.09
3383.11,3522.81,3300.0,759698.1123,2608623102.49017,2112875,391723.2419,1346123911.227616,3411.4049999999997,-43.01999999999998,3433.43
3340.1,3450.0,3338.54,412788.5773,1405295834.572694,1263130,199773.6622,680364451.594785,3394.27,93.32999999999993,3421.4
3433.42,3460.04,3390.01,283984.9448,971756920.451209,926113,138242.2778,473033589.27969503,3425.025,-12.019999999999982,3487.81
3421.39,3491.8,3360.0,341631.531,1172272660.98449,1116823,168839.1633,579484704.665243,3425.9,66.42000000000007,3627.76
3487.8,3640.94,3423.78,715360.6361,2526905041.93919,1953764,355054.0244,1255112595.621176,3532.36,139.96000000000004,3553.65
3627.75,3822.04,3200.0,1392904.864,5043847679.68348,3265582,683199.4423,2476743374.2905154,3511.02,-74.09999999999991,3818.59
3553.66,3900.0,3499.4,969494.71,3652250924.2777367,2555462,479721.078,1807560970.8480992,3699.7,264.9300000000003,3868.76
3818.58,3933.81,3735.0,540780.675,2067607917.443709,1636716,272250.4111,1041269288.719338,3834.4049999999997,50.18000000000029,3883.36
3868.76,3993.75,3820.0,646399.2589,2534209920.0055647,1657141,322673.2991,1265164190.072715,3906.875,14.599999999999909,3905.21
3883.37,3942.0,3870.01,254839.1386,995823688.313553,819335,128650.6144,502755116.16450304,3906.005,21.840000000000146,3878.47
3905.2,3964.67,3791.26,356664.68,1393415653.98342,1195480,170475.8389,666139346.304353,3877.965,-26.730000000000018,4064.8
3878.47,4086.23,3722.95,721554.5139,2874119154.303359,1894504,332359.6655,1322703936.946775,3904.59,186.33000000000038,3979.96
4064.8,4093.92,3828.98,632787.3941,2522475873.08181,1878541,317065.073,1263946890.580183,3961.45,-84.84000000000015,4004.79
3979.97,4083.0,3932.23,482305.7766,1933909390.302124,1536498,246106.0739,986890622.1480621,4007.615,24.820000000000164,3881.7
4004.79,4010.98,3723.0,648237.5245,2520007951.6912,1919963,314205.6322,1221942698.652346,3866.99,-123.09000000000015,3742.19
3881.69,3934.02,3570.0,947537.4071,3513477459.320449,2487337,465197.9489,1725903963.688357,3752.01,-139.5,3523.09
3742.19,3781.12,3468.8,548288.1569,1999176881.3126152,1798939,262005.6019,956602039.4865581,3624.96,-219.0999999999999,3644.71
3523.09,3678.68,3412.0,517790.9936,1843487764.621314,1721355,255961.304,911579392.3571581,3545.34,121.61999999999989,3520.46
3644.7,3645.02,3454.09,570901.2851,2029690613.721462,1906387,273425.6255,972198172.928533,3549.5550000000003,-124.23999999999978,3158.64
3520.47,3548.09,3150.88,1049629.6936,3474307712.276456,2647385,486413.3436,1610306786.636244,3349.485,-361.8299999999999,3516.53
3158.65,3535.24,3056.56,1207322.8201,3957251428.8990407,2987953,589456.8972,1933803131.47832,3295.8999999999996,357.8800000000001,3492.85
3516.53,3587.32,3412.0,602755.2072,2114084858.1565351,1791989,295366.0008,1035991329.66088,3499.66,-23.68000000000029,3336.35
3492.84,3542.52,3250.0,558848.888,1891771641.0190072,1747756,278223.9901,942265836.8498911,3396.26,-156.49000000000024,3329.53
3336.35,3435.48,3270.08,323675.9448,1089778379.601229,1129683,154840.9529,521336391.128006,3352.7799999999997,-6.819999999999709,3454.98
3329.53,3471.22,3298.76,260824.1408,879033073.0314541,1090982,131855.2555,444714434.07356095,3384.99,125.44999999999982,3590.42
3454.99,3666.0,3420.12,548577.6942,1945377748.66027,1610130,294233.1102,1043376714.760683,3543.06,135.4300000000003,3587.33
3590.43,3678.86,3542.62,499013.8384,1800812035.846224,1373691,232584.3636,838803442.5508449,3610.74,-3.099999999999909,3501.19
3587.32,3665.84,3460.02,443195.3297,1576098628.307976,1436593,215695.7983,767206050.835836,3562.9300000000003,-86.13000000000011,3560.49
3501.2,3611.78,3465.0,404654.0311,1436630524.623043,1158353,206071.3773,731610238.593602,3538.3900000000003,59.289999999999964,3509.74
3560.49,3584.37,3445.91,323086.179,1138548291.158387,951744,153989.3551,543117114.814375,3515.14,-50.75,3505.64
3509.74,3565.81,3485.0,216025.2634,759625521.451892,750249,113298.4158,398420911.34965,3525.4049999999997,-4.099999999999909,3645.29
3505.65,3655.32,3505.09,243464.9877,878141654.3459821,722927,128657.5832,463986951.494866,3580.205,139.63999999999987,3503.8
3645.29,3645.95,3413.71,408854.1225,1437691729.032314,1115133,195398.2616,687310223.775467,3529.83,-141.48999999999978,3278.96
3503.8,3505.6,3212.0,623264.6476,2068004456.0628233,1581408,301656.6252,1000777383.277249,3358.8,-224.84000000000015,3310.83
3278.96,3367.4,3202.79,410484.1933,1358993604.798615,1113644,203085.1479,672512688.0708071,3285.0950000000003,31.86999999999989,3327.4
3310.83,3443.93,3250.92,356338.5716,1187792289.214371,965695,172474.3566,575142238.42727,3347.425,16.570000000000164,3317.85
3327.39,3350.0,3210.0,344556.7983,1132252495.889124,854139,170435.7766,560317623.717126,3280.0,-9.539999999999964,3351.59
3317.85,3398.42,3306.68,183312.2125,612681489.148954,549985,88419.098,295511518.819452,3352.55,33.74000000000024,3454.2
3351.59,3459.94,3344.08,210459.0752,715174110.573835,748530,105736.6548,359423500.72974,3402.01,102.60999999999967,3694.61
3454.2,3730.71,3406.36,496841.3532,1787240600.808657,1333378,278914.0233,1002520506.699263,3568.535,240.4100000000003,3506.39
3694.61,3727.34,3450.46,457592.252,1643610851.75092,1046479,220547.0893,791949096.359677,3588.9,-188.22000000000025,3545.64
3506.4,3562.95,3411.82,389404.9055,1361401195.431785,915957,192647.044,673705538.7782689,3487.385,39.23999999999978,3502.52
3545.64,3618.3,3474.52,338139.5534,1197654094.446207,890107,165840.8436,587427817.312289,3546.41,-43.11999999999989,3237.43
3502.52,3552.4,3100.0,697327.1174,2328197177.420495,1423600,330495.3149,1105188365.986858,3326.2,-265.09000000000015,3007.01
3237.42,3301.9,2852.0,994971.2354,3066250202.835826,2037632,462824.4833,1424811475.09485,3076.95,-230.40999999999985,3155.11
3007.01,3174.23,2906.73,737580.4666,2244354713.135616,1680666,371070.3653,1128957864.665172,3040.48,148.0999999999999,3101.99
3155.11,3277.85,3023.19,605430.8863,1911310147.2306633,1540774,291924.744,921674901.568192,3150.52,-53.120000000000346,3084.22
3102.0,3128.01,2986.0,526113.855,1610290812.173095,1461779,253281.2795,775556508.638042,3057.005,-17.7800000000002,2985.41
3084.21,3123.75,2914.47,491897.5661,1483253378.358158,1348404,251660.7262,759106689.9824209,3019.1099999999997,-98.80000000000018,3064.4
2985.41,3094.4,2950.98,389060.7133,1177977125.358139,1168254,205229.8503,621538711.140502,3022.69,78.99000000000024,3056.46
3064.4,3128.89,2865.18,607850.4019,1843119282.769549,1465901,307900.1774,934301492.397589,2997.035,-7.940000000000055,3155.79
3056.45,3171.88,3018.75,242577.6371,749727918.3962579,812118,124363.7908,384439163.55444705,3095.315,99.34000000000015,3147.67
3155.79,3197.18,3116.49,219970.5072,694988777.191024,767260,112675.8885,356074084.712093,3156.835,-8.11999999999989,3200.2
3147.66,3235.0,3129.15,290879.9569,928957385.3802301,993579,154288.5918,492830847.644836,3182.075,52.539999999999964,3219.46
3200.19,3263.61,3152.0,253914.2263,813798516.3203859,844893,130572.4564,418614329.140766,3207.8050000000003,19.269999999999982,3140.8
3219.46,3293.56,3104.9,393314.3414,1261617674.785295,1130370,194455.1272,623756637.157222,3199.23,-78.65999999999985,3155.8
3140.79,3191.64,3072.2,352288.5502,1104939534.274997,861077,181392.8007,568945918.819377,3131.92,15.010000000000218,3131.3
3155.81,3167.7,3102.0,252522.655,792255507.8625581,628635,127753.6376,400872715.709274,3134.85,-24.509999999999764,3255.56
3131.3,3285.0,3066.74,323811.1919,1027413859.249457,734026,174549.3936,553988783.956655,3175.87,124.25999999999976,3263.45
3255.55,3357.4,3250.45,304766.009,1006628332.290045,753239,157192.4194,519222579.019554,3303.925,7.899999999999636,3216.73
3263.44,3286.95,3115.13,421831.2912,1345237182.553429,943719,211216.5613,673542868.960571,3201.04,-46.710000000000036,3014.05
3216.74,3250.95,2921.0,561717.4866,1710124473.495703,1292873,267662.5649,814867898.878449,3085.975,-202.6899999999996,2972.46
3014.04,3023.24,2817.0,624963.7773,1827523436.860293,1365039,303494.8674,887304179.09162,2920.12,-41.57999999999993,2986.19
2972.46,3016.72,2893.26,365939.7191,1084862887.847943,880167,200507.613,594224560.6873649,2954.99,13.730000000000018,3102.61
2986.19,3126.99,2958.32,355825.8391,1081409861.154123,859542,186728.4623,567590125.8283111,3042.6549999999997,116.42000000000007,3117.23
3102.61,3168.0,3092.85,196263.9488,613297368.100618,575026,100770.982,314978702.105466,3130.425,14.61999999999989,3136.41
3117.24,3171.93,3072.99,218760.2662,684143592.814579,600693,115269.448,360512833.29317296,3122.46,19.170000000000073,3062.6
3136.4,3221.4,3046.35,355135.3027,1111315631.576414,873200,172864.4334,541369437.880736,3133.875,-73.80000000000018,3005.69
3062.59,3129.85,2998.0,298796.6829,917252045.6882031,815246,139762.8508,429359938.30876493,3063.925,-56.90000000000009,2974.21
3005.69,3038.15,2936.48,266934.8125,800460076.6356671,830635,133303.1238,399808582.39447695,2987.315,-31.480000000000018,3036.23
2974.2,3059.0,2950.77,238561.7462,715090822.076205,686147,122805.9215,368133010.88995105,3004.885,62.0300000000002,2909.99
3036.24,3053.89,2878.03,327855.8758,972264869.4920499,891040,154417.0672,458374734.958482,2965.96,-126.25,2912.45
2909.98,2945.67,2886.46,138163.1087,402989065.566229,466357,68667.2224,200322136.669701,2916.065,2.4699999999998,2929.29
2912.45,2955.2,2901.17,107670.6323,315212004.622529,367990,49118.1523,143794831.49423,2928.185,16.840000000000146,2950.99
2929.3,2996.4,2864.76,368664.7648,1083553488.623212,925017,186525.3687,548782383.793628,2930.58,21.6899999999996,2881.93
2950.99,2960.6,2862.0,269675.3037,783471918.254666,617845,132978.233,386314503.847034,2911.3,-69.05999999999995,3032.55
2881.93,3041.36,2863.75,350254.3188,1036063008.59966,760817,175148.4191,518053714.898658,2952.5550000000003,150.62000000000035,2944.7
3032.55,3041.24,2922.8,293874.1513,876706595.658027,575271,140171.4796,418208240.567446,2982.02,-87.85000000000036,3092.01
2944.7,3120.0,2933.06,357724.7731,1088374622.991193,754274,180386.216,548948430.858192,3026.5299999999997,147.3100000000004,3122.94
3092.0,3146.98,3083.61,199976.5456,622730956.337748,527531,96341.4461,300062897.672429,3115.295,30.940000000000055,3071.19
3122.94,3136.64,3053.38,166145.0102,513790068.69183,470419,74505.5837,230359925.232981,3095.01,-51.75,3661.78
3071.2,3694.0,3047.67,847107.8828,2853349713.672701,2226153,442408.9418,1490710929.534518,3370.835,590.5800000000004,3789.6
3661.79,3841.54,3624.28,952437.2694,3557244460.363258,2204702,471779.518,1762078355.60011,3732.91,127.80999999999995,3737.73
3789.59,3813.69,3653.15,574938.3099,2151256432.12026,1339940,284002.5913,1062768583.89509,3733.42,-51.86000000000013,3783.61
3737.72,3949.29,3498.0,1127866.076,4283549690.4411807,2682768,564546.1661,2145257882.1608791,3723.645,45.89000000000033,3728.28
3783.6,3829.61,3626.1,479418.4318,1782983862.212967,1159074,244045.0104,907694433.158981,3727.855,-55.31999999999971,3749.26
3728.28,3779.43,3709.03,158711.8992,594438275.8051369,503711,81761.1157,306215084.302227,3744.23,20.980000000000018,3826.47
3749.25,3884.2,3731.17,292208.2937,1115661431.007397,697286,145205.4439,554271417.2904991,3807.685,77.2199999999998,3894.22
3826.47,3977.0,3823.37,363717.6473,1424169372.465946,971964,183721.8676,719417955.980629,3900.185,67.75,3844.69
3894.21,3931.09,3773.9,416249.8344,1605074794.248354,941338,206643.3559,796958340.18732,3852.495,-49.51999999999998,3767.43
3844.69,3888.55,3742.59,334759.6348,1274087642.072243,883401,170583.4441,649078378.829046,3815.57,-77.26000000000022,3747.91
3767.44,3825.35,3702.58,277034.2894,1042146006.39132,765716,135950.1498,511516684.881294,3763.965,-19.5300000000002,3762.29
3747.9,3849.94,3723.75,273406.766,1032174005.216676,680329,136551.9833,515577099.53857905,3786.8450000000003,14.389999999999873,3815.82
3762.29,3833.3,3752.67,132687.2006,503500622.837856,399377,70367.6098,267068560.050883,3792.985,53.5300000000002,3780.91
3815.82,3838.59,3752.62,210295.4407,798100737.663757,579563,105997.6518,402268605.703981,3795.605,-34.91000000000031,3767.06
3780.92,3849.99,3758.43,248848.702,946239636.296371,648868,125597.9544,477669466.686201,3804.21,-13.860000000000127,3810.23
3767.07,3831.65,3730.0,232063.7468,878533930.5998899,568514,120842.2499,457585643.87419903,3780.825,43.159999999999854,3865.99
3810.23,3887.47,3777.33,273738.6035,1046373693.422429,645836,143786.3327,549824316.328025,3832.3999999999996,55.75999999999976,3813.46
3866.0,3878.6,3760.0,237504.1905,910751773.181592,525050,116926.4529,448449925.76810706,3819.3,-52.539999999999964,3678.32
3813.47,3841.39,3600.0,362223.3594,1352307567.238349,894006,163680.6805,611499294.8494049,3720.6949999999997,-135.14999999999964,3681.57
3678.31,3709.5,3660.08,140550.8394,518118534.039922,364485,65014.4392,239672339.125884,3684.79,3.2600000000002183,3706.4
3681.58,3721.52,3666.36,103451.102,381854484.95566,287960,48702.6222,179769963.175974,3693.94,24.820000000000164,3667.85
3706.4,3713.67,3642.74,156363.1846,575211243.30527,391165,74799.5259,275223031.297943,3678.205,-38.55000000000018,3497.33
3667.85,3673.0,3432.0,439568.5978,1552225947.171155,1036229,207637.6021,733338576.3869299,3552.5,-170.51999999999998,3560.12
3497.33,3659.01,3462.07,387043.774,1384558593.85822,850527,187121.7917,669515053.8419249,3560.54,62.789999999999964,3469.4
3560.13,3561.65,3428.0,300230.8299,1048214494.75108,696369,147994.4439,516749769.179875,3494.825,-90.73000000000002,3481.8
3469.4,3532.61,3362.26,322316.4214,1116570671.848945,746613,159447.8145,552550731.446636,3447.4350000000004,12.400000000000091,3568.74
3481.8,3594.39,3473.1,246649.5894,873576137.27908,500773,122544.6026,433959818.418328,3533.745,86.9399999999996,3624.41
3568.75,3653.79,3541.05,149839.982,537492821.643428,417858,77834.8967,279215755.248148,3597.42,55.659999999999854,3511.46
3624.41,3638.37,3463.39,337805.6402,1196162530.919053,774085,166343.2052,588834718.234546,3550.88,-112.94999999999982,3483.42
3511.47,3517.2,3355.0,449913.3014,1541798882.411695,1062807,217161.5887,744297791.4335421,3436.1,-28.049999999999727,3560.51
3483.42,3590.01,3465.65,321500.0027,1138419054.652927,712501,162762.0238,576256549.358415,3527.83,77.09000000000015,3513.08
3560.51,3625.96,3486.0,329117.8453,1170597741.257869,743896,161277.7905,573660167.603421,3555.98,-47.43000000000029,3518.5
3513.08,3547.55,3446.82,342155.102,1197095546.233963,746361,176183.038,616476628.149761,3497.1850000000004,5.420000000000073,3495.75
3518.5,3521.19,3475.09,115774.6157,405045499.421582,315684,57671.8414,201786538.368218,3498.1400000000003,-22.75,3420.91
3495.76,3521.45,3406.38,133411.4304,463204539.05644,338679,67467.4686,234264816.828695,3463.915,-74.85000000000036,3352.73
3420.91,3435.76,3240.0,543370.4229,1807046957.9652193,1222789,262600.4052,873824151.9247631,3337.88,-68.17999999999984,3394.91
3352.74,3430.88,3336.76,240036.2236,812730026.8442,654302,122936.1959,416346006.722906,3383.82,42.17000000000007,3371.44
3394.91,3426.75,3325.01,206949.3418,699375819.276128,518727,108326.9373,366024176.14348894,3375.88,-23.4699999999998,3450.44
3371.77,3477.0,3361.74,201041.6609,687897292.145414,530697,108386.892,370765787.905384,3419.37,78.67000000000007,3380.15
3450.44,3487.7,3365.22,221634.3435,760116781.029508,934561,117864.7671,404433441.061016,3426.46,-70.28999999999996,3378.8
3380.15,3408.32,3371.86,88329.7651,299468173.245718,365755,47423.3968,160794628.308532,3390.09,-1.349999999999909,3438.16
3378.8,3460.0,3352.66,141221.6185,480491273.121482,557070,80177.9965,272838936.070124,3406.33,59.35999999999967,3442.2
3438.16,3524.94,3423.78,224273.2122,780112100.208223,854102,121044.94,421096637.788155,3474.36,4.039999999999964,3421.35
3442.2,3464.12,3402.0,137932.7014,473853655.522322,623720,68282.7584,234617896.703461,3433.06,-20.84999999999991,3295.48
3421.35,3432.1,3251.0,310408.451,1031040642.948245,1378502,143212.6723,475477399.866736,3341.55,-125.86999999999989,3059.7
3295.49,3313.45,3050.34,450402.5692,1425360058.279399,1898898,202136.3683,639814934.746806,3181.895,-235.78999999999996,2981.78
3059.7,3110.0,2810.0,886994.3753,2602693094.463384,2967124,404744.5317,1188081864.6179,2960.0,-77.91999999999962,3066.83
2981.79,3081.78,2955.06,214487.9713,646245038.475145,1055462,112962.821,340494854.011427,3018.42,85.03999999999996,2931.0
3066.83,3073.08,2922.24,179892.7612,538755029.459879,878707,86519.9115,258997896.839986,2997.66,-135.82999999999993,3019.01
2930.99,3097.06,2822.8,500445.0105,1484924133.828654,2222940,246399.4183,731702626.9018929,2959.9300000000003,88.02000000000044,3066.65
3019.01,3115.2,3004.0,280358.1424,859567747.6639271,1377129,148692.1493,455973139.54195905,3059.6,47.63999999999987,3101.05
3066.65,3151.51,3024.0,270827.0844,839730659.372952,1296218,134603.8713,417474584.804576,3087.755,34.40000000000009,3099.57
3101.06,3217.24,3054.76,289229.32,907129989.222096,1413031,148734.7368,466509910.1477,3136.0,-1.4899999999997817,3133.88
3099.57,3157.89,3045.58,185745.1825,575599522.8506631,1094915,95406.1253,295730714.463656,3101.7349999999997,34.309999999999945,3175.93
3133.89,3201.8,3113.37,119302.4769,376336968.78329295,591291,60506.1294,190893440.610938,3157.585,42.039999999999964,3245.08
3175.93,3268.72,3163.67,165430.7716,530204017.16941106,792858,83179.8142,266820311.321886,3216.1949999999997,69.15000000000009,3483.39
3245.2,3493.63,3233.22,314296.8452,1058747637.288266,1617276,161760.1858,544978505.522768,3363.425,238.19000000000005,3444.13
3483.2,3498.59,3346.55,376128.7869,1291412549.937766,1636557,193947.8823,665961239.711155,3422.57,-39.06999999999971,3387.05
3444.14,3517.0,3376.0,297812.5162,1029558208.636794,1285615,168234.5187,581998341.750337,3446.5,-57.08999999999969,3426.5
3387.05,3489.98,3367.2,241950.3457,829503482.767012,1165443,128938.7441,442179155.873657,3428.59,39.44999999999982,3503.53
3426.49,3540.27,3377.0,299511.6422,1034724329.319296,1262244,158469.6446,547637460.466815,3458.635,77.04000000000042,3517.5
3503.53,3539.65,3480.0,147510.8165,516504071.76519907,667108,69139.3433,242092830.77753,3509.825,13.9699999999998,3535.92
3517.5,3547.0,3411.4,218890.9656,764360242.6011741,961322,103673.5899,362208133.51128894,3479.2,18.420000000000073,3439.6
3535.93,3562.82,3422.34,207859.5043,724117324.1691219,1069762,96899.9188,337741204.49652,3492.58,-96.32999999999993,3482.51
3439.61,3541.0,3389.0,500568.7811,1737977523.022786,1617621,270658.3324,940075969.466857,3465.0,42.90000000000009,3335.81
3482.51,3487.82,3300.0,275479.0506,940244066.497797,980283,135067.106,461180607.88713694,3393.91,-146.70000000000027,3175.48
3335.82,3342.5,3087.53,494282.6398,1570457188.18384,2011527,239121.0612,759567456.5136449,3215.0150000000003,-160.34000000000015,3274.61
3175.47,3286.36,3171.0,260237.4641,844064770.7248179,1169246,128738.672,417477416.18929905,3228.6800000000003,99.14000000000033,3249.01
3274.6,3327.59,3191.01,231991.9037,757931406.545815,1076809,118058.3171,385871810.970836,3259.3,-25.58999999999969,3270.16
3249.0,3284.3,3198.11,103529.8329,336422802.722383,682428,52499.4791,170673348.408274,3241.205,21.159999999999854,3317.66
3270.16,3396.77,3258.0,318471.5055,1061016180.078098,1484898,159686.5707,532117930.525702,3327.385,47.5,3279.21
3317.66,3366.4,3233.18,197277.1641,652703227.796507,1183239,91006.5842,301189857.217817,3299.79,-38.44999999999982,3232.74
3279.2,3350.0,3213.75,233711.3352,769347274.945988,1337992,112910.4249,371910899.513719,3281.875,-46.460000000000036,3203.4
3232.74,3242.57,3080.02,323285.6105,1020921619.452479,1835455,151515.291,478652865.101788,3161.295,-29.33999999999969,2989.61
3203.4,3218.6,2967.0,385704.0395,1185594927.514843,2104725,177842.9277,547327363.228976,3092.8,-213.78999999999996,2903.64
2989.61,3018.02,2859.0,344595.3157,1013020792.752083,1798017,151541.6882,445649429.32525,2938.51,-85.97000000000025,2688.92
2903.65,2935.46,2630.0,512064.2612,1426784556.442743,2184760,235563.9823,656402849.740975,2782.73,-214.73000000000002,2419.59
2688.91,2697.44,2111.0,2670604.1003,6243689817.192617,7064159,1281460.7917,2994688528.683906,2404.2200000000003,-269.3199999999997,2461.33
2419.76,2556.23,2414.19,642283.8038,1601879002.769123,2870150,323805.053,808046548.679428,2485.21,41.56999999999971,2342.8
2461.33,2551.32,2309.04,630115.4228,1537271441.495759,2370148,307617.0665,750975466.25288,2430.1800000000003,-118.52999999999975,2682.5
2342.79,2724.1,2320.4,586502.8754,1474101815.469424,2112663,299400.9503,752709539.426406,2522.25,339.71000000000004,2598.78
2682.5,2707.98,2552.61,406739.9611,1069628608.098305,1710060,195440.2941,514507073.99430496,2630.295,-83.7199999999998,2609.92
2598.79,2644.7,2576.49,171012.3619,446695039.692734,758863,87017.1045,227278356.489,2610.595,11.13000000000011,2555.38
2609.92,2720.0,2540.0,297098.9145,780682452.75452,1217650,143129.6465,376123937.07866096,2630.0,-54.539999999999964,2722.3
2555.38,2750.0,2510.05,483414.2506,1275788778.660518,1915621,252099.2184,665331112.596738,2630.025,166.92000000000007,2702.44
2722.3,2738.4,2611.37,325668.6964,872886595.9885181,1547949,165417.0546,443554807.911323,2674.885,-19.860000000000127,2661.45
2702.44,2780.0,2632.2,338808.7141,914805683.898244,1503315,167827.7199,453631446.392397,2706.1,-40.99000000000024,2569.89
2661.45,2675.6,2515.71,356546.8059,927491377.061398,1761529,172089.6821,447789574.128691,2595.6549999999997,-91.55999999999995,2592.73
2569.9,2630.97,2550.04,270684.1373,702631292.5349311,1602311,127687.3984,331506251.81562,2590.505,22.829999999999927,2614.51
2592.72,2629.69,2587.5,89348.676,232787181.525924,543278,47334.2042,123329370.607968,2608.5950000000003,21.79000000000042,2612.15
2614.51,2689.16,2594.53,174074.0585,459975824.15432304,836384,92214.9872,243669152.914624,2641.8450000000003,-2.3600000000001273,2636.36
2612.15,2648.08,2563.58,224867.1336,585578272.443482,1156033,112686.5275,293606287.965002,2605.83,24.210000000000036,2572.82
2636.36,2695.0,2555.0,281315.8751,738361057.6021341,1303349,139599.9133,366762747.97612894,2625.0,-63.539999999999964,2630.71
2572.81,2663.74,2536.22,245286.6218,638338169.862144,1420421,121889.9837,317338706.906728,2599.9799999999996,57.90000000000009,2622.88
2630.71,2644.69,2584.2,199063.1196,521285357.08642304,1064195,98645.806,258303739.531237,2614.4449999999997,-7.829999999999927,2762.48
2622.89,2799.13,2621.4,401786.4447,1082989033.023547,1747686,210295.5073,567121017.138491,2710.2650000000003,139.59000000000015,2768.0
2762.49,2820.0,2731.26,263542.9441,730370481.138122,1133872,130086.4491,360650474.071654,2775.63,5.510000000000218,2746.13
2768.01,2792.28,2733.21,154527.2352,426733399.326636,1047985,75993.749,209910294.015187,2762.745,-21.88000000000011,2680.49
2746.12,2762.0,2666.66,211708.1247,575695656.477179,1453833,102718.2247,279333306.990401,2714.33,-65.63000000000011,2457.33
2680.49,2699.98,2392.96,412660.7197,1058769621.892103,1898416,187278.0778,480143744.79680496,2546.4700000000003,-223.15999999999985,2528.33
2457.33,2554.6,2418.8,451266.634,1124304892.423795,2272721,222246.9184,553710617.949506,2486.7,71.0,2527.61
2528.33,2595.4,2505.88,237002.9632,603867504.2259489,1455668,119563.3591,304607143.525936,2550.6400000000003,-0.7199999999997999,2526.0
2527.6,2552.17,2431.14,338379.1941,845015735.1494111,1735497,172073.9114,429842974.529762,2491.6549999999997,-1.599999999999909,2513.01
2525.99,2533.95,2491.92,97946.1147,246514334.07653,702529,47410.9072,119335754.458794,2512.935,-12.979999999999563,2425.72
2513.0,2516.28,2400.0,223127.776,550299930.1534489,1357443,106672.8284,263071210.850516,2458.1400000000003,-87.2800000000002,2538.01
2425.71,2564.83,2423.52,262632.8385,654854126.195111,1452334,134090.7048,334264683.017486,2494.175,112.30000000000018,2425.29
2538.0,2553.6,2411.12,224793.1299,556674703.3523409,1272909,101487.6507,251452238.685074,2482.3599999999997,-112.71000000000004,2450.71
2425.28,2490.0,2306.65,384179.3854,921640300.6746541,2002621,188707.7458,452757932.49333507,2398.325,25.429999999999836,2368.81
2450.71,2466.0,2348.04,278549.0969,667044058.826434,1862353,131571.9247,315231080.607934,2407.02,-81.90000000000009,2225.23
2368.81,2408.83,2150.55,643027.111,1467265008.063493,2980066,303990.1689,694418877.024754,2279.69,-143.57999999999993,2273.58
2225.24,2311.27,2220.98,219453.2076,498662894.23097503,982698,109807.9246,249593766.45553,2266.125,48.340000000000146,2297.3
2273.58,2333.58,2240.94,192775.6493,440447734.826373,976672,93305.1937,213222870.553424,2287.26,23.720000000000255,2359.5
2297.3,2381.41,2272.8,321698.99,747001776.046536,1761692,156788.5098,364223174.142904,2327.105,62.19999999999982,2388.52
2359.51,2400.0,2320.41,224382.1729,528411566.919702,1210860,105895.4188,249480052.381382,2360.205,29.009999999999764,2340.55
2388.52,2389.32,2277.68,282898.3125,659291892.3267311,1530070,135125.5965,314926799.454531,2333.5,-47.9699999999998,2361.76
2340.54,2391.93,2315.39,202611.1308,476749201.764419,1093596,102118.0952,240341157.998119,2353.66,21.220000000000255,2439.19
2361.75,2464.82,2337.35,253888.616,607650210.702862,1458878,124124.3676,297410717.96547,2401.085,77.44000000000005,2417.79
2439.19,2440.6,2376.72,122931.2302,296990460.130078,754834,57970.9645,140034806.307876,2408.66,-21.40000000000009,2316.1
2417.8,2430.32,2283.75,174364.1946,413278017.276324,1058493,80610.9146,191044099.00633,2357.035,-101.70000000000027,2295.68
2316.09,2335.7,2252.39,330555.232,756718235.6822339,2102319,153834.0111,352253267.83244,2294.045,-20.41000000000031,2341.8
2295.67,2393.63,2263.29,274206.2588,640307796.594042,1813524,134491.637,314135444.255817,2328.46,46.13000000000011,2374.75
2341.79,2376.14,2277.34,292917.6008,679856751.1710529,2555639,144167.2401,334741394.026549,2326.74,32.960000000000036,2465.21
2374.74,2494.95,2372.6,326746.032,794820680.9950541,2862096,171108.4747,416132368.00402707,2433.7749999999996,90.47000000000025,2561.4
2465.21,2571.93,2437.31,340754.5912,864016608.115563,3241249,173101.7132,438921107.763294,2504.62,96.19000000000005,2612.4
2561.4,2623.34,2528.97,154757.8773,396953470.51763105,1425778,78964.0704,202638566.044652,2576.1549999999997,51.0,2581.0
2612.4,2632.57,2524.58,214266.3257,553059849.5533991,2067811,97837.0512,252636983.573378,2578.575,-31.40000000000009,2646.97
2580.99,2702.82,2539.49,333282.0149,883518257.199407,3492404,161782.1178,428832914.201112,2621.1549999999997,65.98000000000002,2653.2
2646.98,2670.96,2591.56,288600.0402,760159619.9815341,2730471,140655.8896,370558448.96591693,2631.26,6.2199999999998,2579.95
2653.2,2673.5,2554.05,220343.4293,576100924.711546,2446589,103887.8784,271731602.599472,2613.775,-73.25,2632.26
2580.09,2666.22,2559.2,278686.3573,731881168.916695,2897463,139205.4473,365580497.054424,2612.71,52.17000000000007,2694.43
2632.25,2728.6,2615.21,281826.9792,753233859.358672,2599262,151742.5093,405576362.613476,2671.9049999999997,62.179999999999836,2675.21
2694.43,2704.35,2650.0,137230.0342,367299958.062676,1192804,65924.2202,176467262.336168,2677.175,-19.2199999999998,2657.62
2675.21,2683.7,2629.73,160554.3146,426486288.27627695,1417045,81486.0061,216453626.088544,2656.715,-17.590000000000146,2602.23
2657.62,2663.5,2575.0,282475.7961,738997897.579085,2684395,135231.5945,353834770.003651,2619.25,-55.38999999999987,2447.79
2602.24,2659.0,2414.0,502828.6804,1275068045.816548,4525442,241562.4716,612727012.04731,2536.5,-154.44999999999982,2364.1
2447.78,2499.0,2352.0,317484.735,772815459.366551,4299369,155763.8413,379325012.463598,2425.5,-83.68000000000029,2349.8
2364.09,2403.38,2310.0,314635.9263,739732809.481887,4096011,149299.0436,351028567.523543,2356.69,-14.289999999999964,2414.41
2349.8,2441.64,2339.15,239383.017,572627417.105369,2556302,121492.1876,290635408.17503,2390.395,64.60999999999967,2414.66
2414.41,2428.23,2390.05,103740.2316,250133597.688322,1147501,49644.8537,119740244.150919,2409.1400000000003,0.25,2440.03
2414.66,2457.8,2407.0,105752.7096,257213775.45288,1097106,56040.4942,136283551.473558,2432.4,25.370000000000346,2422.71
2440.02,2521.0,2403.0,300459.5407,742163736.9669111,3081333,147053.1926,363265506.41464895,2462.0,-17.309999999999945,2440.89
2422.7,2466.66,2401.18,201358.3312,490043095.024962,2240640,98699.0695,240246242.020958,2433.92,18.190000000000055,2370.47
2440.88,2473.61,2351.42,242082.2725,586469983.393527,2569883,118607.6753,287392550.52832,2412.5150000000003,-70.41000000000031,2386.49
2370.47,2421.36,2330.66,257862.9619,614182044.949536,2734517,124649.1698,296876662.883377,2376.01,16.019999999999982,2439.5
2386.49,2471.45,2381.86,235441.2197,572065403.741898,1913115,120079.0581,291669006.342688,2426.6549999999997,53.01000000000022,2476.4
2439.49,2490.51,2434.35,139637.5062,343538957.820228,1058123,75635.4722,186143651.984974,2462.4300000000003,36.91000000000031,2468.91
2476.4,2484.92,2436.4,120022.8179,295322793.084125,1032905,59760.3747,147082675.325771,2460.66,-7.4900000000002365,2629.79
2468.92,2654.0,2443.39,435900.1619,1119084230.807938,2715025,229665.6047,589781071.815328,2548.6949999999997,160.8699999999999,2607.41
2629.79,2688.6,2537.36,416285.6663,1083630113.139707,3306565,205576.5183,535279891.16590095,2612.98,-22.38000000000011,2611.1
2607.41,2647.79,2588.67,260322.4242,681342662.41857,2813136,127407.6679,333593643.097793,2618.23,3.6900000000000546,2605.8
2611.1,2648.37,2575.4,221624.5434,579597649.9294031,2543113,109682.8589,286944146.556011,2611.885,-5.299999999999727,2642.17
2605.79,2675.58,2596.49,292444.1153,771232214.935164,2835054,151075.2919,398486077.84859294,2636.035,36.38000000000011,2648.2
2642.17,2663.49,2631.02,105413.7646,278723129.157894,1145594,52955.7012,140037162.00516,2647.255,6.029999999999745,2746.91
2648.2,2759.0,2635.54,256910.7448,692550694.4416289,2274845,131315.6321,354129881.286766,2697.27,98.71000000000004,2666.7
2746.91,2769.48,2655.01,310674.7232,839718870.967621,2526347,155766.4454,421099497.59600705,2712.245,-80.21000000000004,2622.81
2666.71,2671.92,2606.56,265747.713,699818031.28854,2153796,129041.0542,339834310.024147,2639.24,-43.90000000000009,2524.61
2622.81,2628.2,2450.0,352647.7086,897683017.740168,2642127,161673.0363,411442765.600342,2539.1,-98.19999999999982,2535.82
2524.6,2562.65,2507.31,290851.7842,737665762.666147,2252562,151672.5796,384697096.34031296,2534.98,11.220000000000255,2440.62
2535.82,2566.33,2382.59,514799.8822,1282541014.469803,3741205,232180.1435,578647966.535608,2474.46,-95.20000000000027,2482.51
2440.63,2508.0,2430.12,248724.8313,612908876.738983,1985542,132469.8569,326550515.934207,2469.06,41.88000000000011,2507.8
2482.51,2527.99,2464.13,137580.8836,342704461.298222,1337190,70648.0053,176001096.76121,2496.06,25.289999999999964,2567.48
2507.8,2589.67,2471.67,360605.327,910015100.830837,2847523,180803.6076,456316658.784813,2530.67,59.679999999999836,2638.8
2567.49,2681.86,2561.2,451915.7025,1187541746.021715,3690029,227223.4801,597159695.537778,2621.5299999999997,71.3100000000004,2659.19
2638.8,2722.3,2599.66,460627.126,1230352880.142655,3700127,234688.3298,627072013.721042,2660.98,20.389999999999873,2518.61
2659.19,2669.0,2503.0,403427.2017,1042550364.390791,3391343,196341.4498,507552898.635748,2586.0,-140.57999999999993,2511.49
2518.61,2586.8,2467.67,430249.1073,1084316033.711915,3614843,202239.1162,509869182.30356705,2527.235,-7.120000000000346,2494.23
2511.49,2523.45,2470.0,145961.13,364240307.89237696,1228028,68739.2217,171535490.173642,2496.725,-17.259999999999764,2457.73
2494.23,2496.39,2411.0,276009.1197,675516839.246158,2569553,128755.1302,315138233.230781,2453.6949999999997,-36.5,2398.21
2457.73,2491.39,2357.59,306316.9645,745000696.5495939,3066552,148574.7254,361660123.21258,2424.49,-59.51999999999998,2422.55
2398.21,2480.0,2380.74,331619.2545,807964220.382607,2878817,164899.7226,401792814.478282,2430.37,24.340000000000146,2721.87
2422.6,2744.7,2420.3,1002141.3618,2613263657.61569,5557031,527404.5797,1375499686.352236,2582.5,299.27,2895.47
2721.88,2916.11,2699.49,730845.9524,2069602523.3720767,5380366,367745.6506,1041659729.922739,2807.8,173.5899999999997,2961.75
2895.47,2981.69,2886.4,568864.435,1664276186.367457,4290252,290136.2734,849147013.622051,2934.045,66.2800000000002,3126.21
2961.75,3157.4,2953.71,526719.4212,1602480049.885514,3681905,278109.2638,846556140.576448,3055.5550000000003,164.46000000000004,3183.21
3126.2,3248.52,3069.0,865536.7322,2751696491.353273,6072418,444231.9853,1412520566.696555,3158.76,57.01000000000022,3371.59
3183.2,3387.61,3105.0,1000093.9664,3248336095.357834,7802397,512353.6597,1664789115.812,3246.3050000000003,188.39000000000033,3243.8
3371.59,3442.5,3207.67,973215.7285,3215515065.96685,7073014,474680.7996,1569519071.966663,3325.085,-127.78999999999996,3187.16
3243.79,3331.0,3116.69,919686.3747,2958494366.71914,9753402,446483.2399,1436610189.542692,3223.8450000000003,-56.63000000000011,3058.82
3187.16,3240.4,3028.56,605780.6662,1909266330.683718,6204964,291332.1428,919046552.3249129,3134.48,-128.3399999999997,3090.01
3058.81,3131.06,3014.5,519623.6317,1593247701.289049,6118576,256031.9621,785238977.756796,3072.7799999999997,31.200000000000273,3132.87
3090.01,3219.97,3072.0,423639.1573,1332892680.485038,5079843,221452.0936,696573570.911464,3145.9849999999997,42.85999999999967,3076.0
3132.88,3162.11,3034.99,449818.9575,1393762559.896065,5832635,219773.8217,681175947.125362,3098.55,-56.88000000000011,3207.8
3075.99,3224.94,3050.01,640658.4357,2006111259.657586,6541040,335610.6352,1051440459.598216,3137.4750000000004,131.8100000000004,3107.44
3207.81,3221.2,3065.4,500112.0194,1561642778.418154,5163295,240538.5797,751285220.1674019,3143.3,-100.36999999999989,3069.97
3107.45,3159.2,3029.41,503607.8336,1559041767.185464,6338828,262555.3379,813254437.229678,3094.305,-37.48000000000002,3355.81
3069.97,3386.73,3032.59,974923.3035,3167224819.418769,8227428,517407.4618,1678599533.383094,3209.66,285.84000000000015,3327.78
3355.88,3425.92,3257.54,603273.7093,2008464564.861674,7141711,299228.216,996678648.696995,3341.73,-28.09999999999991,3393.91
3327.78,3497.51,3312.72,721024.0009,2449223191.454517,6790558,377413.2984,1281905367.172234,3405.115,66.12999999999965,3361.2
3393.91,3450.0,3281.4,479098.0921,1608242778.282872,5919258,229135.6476,769433365.5057609,3365.7,-32.710000000000036,3414.49
3361.21,3546.66,3300.01,949330.37,3272920810.057311,9876856,473543.9399,1633463973.646526,3423.335,53.279999999999745,3324.73
3414.49,3462.49,3252.0,672367.1503,2252619301.964274,7269605,320649.414,1076018603.47616,3357.245,-89.75999999999976,3653.28
3324.74,3684.92,3302.4,754573.6485,2640023089.7609353,6392173,422777.0485,1478531171.096091,3493.66,328.5400000000004,3578.79
3653.27,3661.92,3529.76,560976.425,2014252549.702022,5393261,281616.1445,1011307244.124802,3595.84,-74.48000000000002,3592.21
3578.8,3647.98,3534.28,425493.2449,1525999121.819639,4240304,220911.8759,792537823.50665,3591.13,13.409999999999854,3703.6
3592.22,3738.98,3568.4,503684.7485,1849683070.29735,4641849,267000.5769,980789627.359577,3653.69,111.38000000000011,3707.61
3703.59,3746.8,3659.2,429089.2633,1589850114.025915,3667910,212029.4008,785774029.012855,3703.0,4.019999999999982,3643.42
3707.61,3760.0,3554.32,737130.569,2685285591.8453646,6825848,368529.347,1342985979.580745,3657.16,-64.19000000000005,3614.51
3643.43,3670.0,3500.0,678400.2032,2439869839.029021,5200407,376625.93,1355330328.945037,3585.0,-28.919999999999618,3837.8
3614.51,3887.24,3614.51,968744.0399,3638907449.5517607,8222722,516513.6315,1939427558.60474,3750.875,223.28999999999996,3785.2
3837.8,3956.0,3677.0,946493.276,3653558567.753712,8753645,465065.3016,1796915310.225865,3816.5,-52.600000000000364,3998.87
3785.21,4087.73,3777.26,803855.1146,3174080080.146193,6677199,410529.4137,1621071926.726909,3932.495,213.65999999999985,3996.22
3998.87,4024.46,3968.0,283920.02,1134418058.866173,2721543,141027.5358,563531840.242212,3996.23,-2.650000000000091,4004.15
3996.22,4015.58,3923.5,251362.1685,1000371580.638359,2614587,124696.173,496407855.45914096,3969.54,7.930000000000291,3712.0
4004.15,4006.17,3509.0,939642.2001,3566495804.1281047,8331026,434519.7442,1650765938.051974,3757.585,-292.1500000000001,3628.25
3712.0,3780.76,3515.89,942206.0337,3443114495.273664,10461668,468842.2362,1713256933.099759,3648.325,-83.75,3831.81
3628.24,3848.64,3562.34,461818.7801,1722223536.878177,6195364,248830.1039,928595809.300587,3705.49,203.57000000000016,3881.61
3831.82,3987.41,3796.8,572098.6343,2239803483.576607,7005239,284607.1551,1114554219.241143,3892.105,49.789999999999964,3906.8
3881.6,3968.47,3852.94,387765.6873,1516942852.285181,5124578,192195.3238,751955442.5480659,3910.705,25.200000000000273,3870.29
3906.8,3945.0,3825.03,265538.9479,1031595277.387337,3407748,131333.8294,510395698.455933,3885.0150000000003,-36.51000000000022,3959.09
3870.3,3974.61,3831.5,253833.2141,987865003.1275431,3637695,137576.2363,535670221.160293,3903.0550000000003,88.78999999999996,3986.24
3959.09,4107.8,3884.0,673351.0723,2686550997.1102448,7117624,357970.2261,1428720574.045161,3995.9,27.149999999999636,3893.01
3986.24,4041.82,3847.96,450825.9861,1788532842.700757,6874200,212006.098,841864072.770541,3944.8900000000003,-93.22999999999956,3626.8
3893.01,3907.19,3617.42,722505.0618,2735374632.738641,6584244,338987.7414,1283903825.654028,3762.3050000000003,-266.21000000000004,3417.01
3626.8,3720.0,3326.8,1078153.4851,3807975330.6811614,6357638,498105.4058,1759867070.362796,3523.4,-209.78999999999996,3472.21
3417.01,3497.84,3101.9,1332783.731,4421584295.580899,7029546,616548.6946,2043875039.787976,3299.87,55.19999999999982,3338.92
3472.2,3555.18,3293.11,475275.82,1627460721.692153,2732677,227433.379,779411940.386095,3424.145,-133.27999999999975,3281.83
3338.92,3403.0,3221.1,361920.2495,1201895225.016952,2546556,178324.6442,592471146.242741,3312.05,-57.090000000000146,3422.53
3281.83,3466.99,3216.97,488253.41,1627069583.878682,4032824,251606.2172,838574859.785712,3341.9799999999996,140.70000000000027,3493.18
3422.53,3539.65,3358.19,315723.6763,1087476459.253163,2764397,158218.8988,544905389.45923,3448.92,70.64999999999964,3497.0
3493.17,3547.95,3440.93,219846.0452,766349902.7132169,2133099,110386.2104,384894251.07668096,3494.4399999999996,3.8299999999999272,3335.05
3497.0,3514.94,3304.63,310170.1719,1047464157.032189,2543314,164346.2488,554727435.3301209,3409.785,-161.94999999999982,3333.51
3335.04,3444.16,3306.6,342529.6038,1152635224.265439,3133395,171567.6704,577327628.470155,3375.38,-1.5299999999997453,3404.0
3333.51,3428.68,3322.23,175963.613,592591876.178986,1445334,88404.9578,297871890.109462,3375.455,70.48999999999978,3356.48
3404.01,3413.78,3326.17,156256.8819,527250656.145704,1170497,74717.2883,252109610.012067,3369.9750000000004,-47.5300000000002,3361.84
3356.48,3437.59,3305.0,420794.6476,1420731724.372564,2700666,215138.5269,726878029.7200711,3371.295,5.360000000000127,3337.78
3361.83,3451.0,3315.59,303053.1685,1024862944.046191,2021786,146510.7501,495460792.490612,3383.295,-24.049999999999727,3360.38
3337.78,3374.85,3313.88,190238.5861,636613395.6959649,1182219,99518.0217,333085258.287462,3344.365,22.59999999999991,3455.67
3360.39,3509.99,3354.5,338632.8874,1166286232.162882,2373075,169044.3627,582161055.5219649,3432.245,95.2800000000002,3609.01
3455.68,3630.0,3423.44,334041.0604,1179953901.101814,2293811,169194.075,597682226.030962,3526.7200000000003,153.33000000000038,3656.88
3609.0,3671.6,3572.42,229266.3133,829864804.8598369,1567855,116823.1483,422850861.086886,3622.01,47.88000000000011,3635.99
3656.88,3675.25,3593.7,155444.1741,564147572.800669,1461192,76901.3758,279135355.270006,3634.475,-20.890000000000327,3687.45
3636.0,3744.83,3610.63,329642.3648,1210642823.302069,2753873,166824.6196,612822771.954551,3677.73,51.44999999999982,3381.31
3687.44,3700.86,3356.31,541543.2874,1899318756.158016,3538701,254553.4502,892893276.0208089,3528.585,-306.1300000000001,3327.29
3381.31,3415.1,3208.2,584749.9627,1944382187.6566591,3766197,275577.2269,916259778.4183791,3311.6499999999996,-54.01999999999998,3219.2
3327.29,3357.27,3158.0,501818.4247,1638958679.714368,3685889,237793.7346,777185110.082679,3257.635,-108.09000000000015,3267.04
3219.2,3322.49,3193.97,454142.1333,1482940591.671988,3199118,222519.1849,726413490.6683741,3258.2299999999996,47.840000000000146,3282.83
3267.05,3320.18,3217.56,151679.7487,494933295.358262,1208777,74202.7876,242350177.143991,3268.87,15.779999999999745,3267.3
3282.83,3300.0,3224.49,164879.9709,538751712.0457871,1151908,78312.5332,255990007.31399,3262.245,-15.529999999999745,3137.51
3267.3,3339.0,2920.0,845907.5669,2614824635.154439,4900248,410956.8014,1271030799.211468,3129.5,-129.78999999999996,3225.63
3137.51,3256.67,3125.65,374308.4517,1197715520.899026,2446285,180843.3605,578754045.677244,3191.16,88.11999999999989,3451.52
3225.63,3473.75,3186.36,464188.034,1537407357.366771,2689488,233981.7183,775803015.406068,3330.0550000000003,225.88999999999987,3308.05
3451.51,3460.79,3265.44,471282.6787,1573512574.074851,2667507,227669.8721,760336218.428321,3363.115,-143.46000000000004,3473.63
3308.04,3525.72,3307.5,518550.1813,1773013467.309093,3165882,269301.5133,920836504.1564461,3416.6099999999997,165.59000000000015,3307.71
3473.64,3494.39,3227.0,634197.1281,2100633661.7644193,3931387,309754.3291,1025970289.517671,3360.6949999999997,-165.92999999999984,3215.12
3307.71,3448.99,3130.48,1342301.5217,4408659681.01233,7064813,651932.4312,2143657478.900286,3289.7349999999997,-92.59000000000015,3284.0
3215.2,3453.69,3142.78,1158354.7814,3830020315.131607,7137551,572672.7028,1895320599.961986,3298.235,68.80000000000018,3327.54
3283.99,3368.0,3204.6,548706.0513,1802317579.6676593,3752957,271093.6278,890755658.885448,3286.3,43.55000000000018,3242.6
3327.55,3365.99,3222.85,349240.7498,1150648371.196559,2187671,163482.76,538844820.5045631,3294.42,-84.95000000000027,3338.21
3242.61,3347.97,3185.0,605592.7225,1965307923.080547,3255920,303294.9418,984590435.717348,3266.4849999999997,95.59999999999991,3310.09
3338.22,3428.0,3275.9,451524.2752,1519379297.690963,2793569,215008.0035,723830815.0465231,3351.95,-28.129999999999654,3318.77
3310.1,3350.68,3268.66,208559.0415,690383485.125444,1456638,98129.4498,324799632.127654,3309.67,8.670000000000073,3232.61
3318.76,3362.0,3230.0,272165.469,899291017.6133741,1416325,116826.2789,386320687.82792896,3296.0,-86.15000000000009,3182.44
3232.61,3253.91,3020.01,753004.7529,2349770569.706611,4888504,345284.5821,1077195796.137122,3136.96,-50.17000000000007,3077.72
3182.44,3223.01,3040.03,350959.7173,1107001736.175005,2936974,170776.7271,538990208.7234471,3131.5200000000004,-104.72000000000025,3113.9
3077.72,3182.52,3054.06,409737.2576,1278256645.74957,3277369,200807.9235,626556500.38162,3118.29,36.18000000000029,3247.39
3113.9,3283.43,3091.06,350639.4823,1130886606.539682,2410789,180484.1307,581935263.184576,3187.245,133.48999999999978,3300.99
3247.38,3437.31,3213.8,648681.6561,2158479814.3317432,3802893,343645.0199,1144000791.641501,3325.5550000000003,53.60999999999967,3117.54
3300.99,3331.98,3101.7,354065.2525,1142845926.865901,2900696,170674.3585,551595869.3951031,3216.84,-183.44999999999982,2869.68
3117.54,3163.2,2750.71,1050805.93,3131430738.391756,5974563,494989.1069,1476742890.842307,2956.955,-247.86000000000013,2879.9
2869.68,2921.0,2125.01,2807979.021,7325488963.974643,10550628,1344253.3318,3509887592.196321,2523.005,10.220000000000255,2731.19
2879.89,2888.5,2632.6,1259594.3919,3477670143.18934,4767588,602952.4706,1664512055.454141,2760.55,-148.69999999999982,2788.25
2731.19,2826.95,2699.13,686593.0429,1897054238.4902232,3498289,327991.4256,906340721.064559,2763.04,57.059999999999945,2686.64
